0,1,2,3,4,5,6,7,8,9,10,11,12,13,14,15,16,17,18,19,20,21,22,23,24,25,26,27,28,29,30,31,32,33,34,35,36,37,38
11.630000114440918,0.0,6.980000019073486,4.650000095367432,6.980000019073486,4.650000095367432,4.650000095367432,9.300000190734863,6.980000019073486,8.960000038146973,1.4900000095367432,8.960000038146973,7.460000038146973,5.96999979019165,4.480000019073486,7.460000038146973,7.460000038146973,5.96999979019165,23.0,0.33820000290870667,5.329999923706055,0.07829999923706055,2.069999933242798,0.030500000342726707,0.25,0.2647058963775635,0.20588235557079315,43.0,0.25581395626068115,0.25581395626068115,0.20930232107639313,25.0,0.23999999463558197,0.2800000011920929,0.20000000298023224,-27.799999237060547,-0.40882351994514465,0.0,1
11.630000114440918,0.0,6.980000019073486,4.650000095367432,6.980000019073486,4.650000095367432,4.650000095367432,9.300000190734863,6.980000019073486,6.800000190734863,2.9100000858306885,6.800000190734863,10.680000305175781,4.849999904632568,3.880000114440918,3.880000114440918,11.649999618530273,6.800000190734863,29.0,0.27880001068115234,20.25,0.19470000267028809,7.309999942779541,0.07029999792575836,0.24038460850715637,0.24038460850715637,0.25,43.0,0.25581395626068115,0.25581395626068115,0.20930232107639313,61.0,0.2295081913471222,0.2295081913471222,0.2786885201931,-35.599998474121094,-0.3423076868057251,0.0,1
2.2699999809265137,0.0,9.09000015258789,9.09000015258789,2.2699999809265137,9.09000015258789,4.550000190734863,9.09000015258789,11.359999656677246,11.699999809265137,1.059999942779541,11.699999809265137,11.699999809265137,3.190000057220459,6.380000114440918,4.260000228881836,11.699999809265137,6.380000114440918,36.0,0.3788999915122986,6.949999809265137,0.0731000006198883,3.0,0.031599998474121094,0.2526315748691559,0.3052631616592407,0.2526315748691559,44.0,0.2954545319080353,0.1818181872367859,0.25,51.0,0.21568627655506134,0.4117647111415863,0.2549019753932953,-42.0,-0.4421052634716034,-1.0,1
13.640000343322754,0.0,9.09000015258789,2.2699999809265137,13.640000343322754,6.820000171661377,4.550000190734863,9.09000015258789,2.2699999809265137,17.190000534057617,0.0,10.9399995803833,4.690000057220459,12.5,7.809999942779541,4.690000057220459,10.9399995803833,1.559999942779541,26.0,0.4000000059604645,3.2899999618530273,0.050599999725818634,1.4299999475479126,0.021900000050663948,0.2153846174478531,0.3384615480899811,0.29230770468711853,44.0,0.22727273404598236,0.2954545319080353,0.2954545319080353,21.0,0.190476194024086,0.4285714328289032,0.2857142984867096,-40.20000076293945,-0.618461549282074,0.0,1
4.550000190734863,0.0,6.820000171661377,0.0,4.550000190734863,6.820000171661377,9.09000015258789,11.359999656677246,11.359999656677246,3.119999885559082,0.0,9.380000114440918,3.119999885559082,3.119999885559082,6.25,10.9399995803833,9.380000114440918,7.809999942779541,24.0,0.3691999912261963,6.349999904632568,0.09769999980926514,2.5799999237060547,0.03970000147819519,0.32307693362236023,0.20000000298023224,0.20000000298023224,44.0,0.34090909361839294,0.1818181872367859,0.22727273404598236,21.0,0.2857142984867096,0.2380952388048172,0.1428571492433548,-26.600000381469727,-0.4092307686805725,0.0,1
6.820000171661377,0.0,11.359999656677246,4.550000190734863,9.09000015258789,4.550000190734863,6.820000171661377,6.820000171661377,4.550000190734863,7.409999847412109,1.850000023841858,12.960000038146973,8.329999923706055,6.480000019073486,3.700000047683716,5.559999942779541,10.1899995803833,3.700000047683716,34.0,0.31189998984336853,10.680000305175781,0.09799999743700027,3.5299999713897705,0.03240000084042549,0.23853211104869843,0.2752293646335602,0.2752293646335602,44.0,0.27272728085517883,0.22727273404598236,0.27272728085517883,65.0,0.2153846174478531,0.3076923191547394,0.2769230902194977,-40.20000076293945,-0.3688073456287384,0.0,1
4.650000095367432,2.3299999237060547,6.980000019073486,2.3299999237060547,4.650000095367432,11.630000114440918,4.650000095367432,9.300000190734863,4.650000095367432,6.099999904632568,2.440000057220459,9.760000228881836,4.880000114440918,6.099999904632568,7.320000171661377,8.539999961853027,13.40999984741211,2.440000057220459,32.0,0.3855000138282776,10.819999694824219,0.13030000030994415,4.199999809265137,0.050599999725818634,0.3012048304080963,0.2530120611190796,0.2409638613462448,43.0,0.3255814015865326,0.1860465109348297,0.23255814611911774,40.0,0.2750000059604645,0.32499998807907104,0.25,-36.099998474121094,-0.43493977189064026,0.0,1
2.2699999809265137,2.2699999809265137,2.2699999809265137,2.2699999809265137,4.550000190734863,9.09000015258789,2.2699999809265137,13.640000343322754,6.820000171661377,4.619999885559082,1.5399999618530273,4.619999885559082,4.619999885559082,3.0799999237060547,10.770000457763672,4.619999885559082,12.3100004196167,4.619999885559082,26.0,0.3939000070095062,2.7699999809265137,0.041999999433755875,1.2100000381469727,0.018300000578165054,0.27272728085517883,0.21212121844291687,0.21212121844291687,44.0,0.2954545319080353,0.15909090638160706,0.22727273404598236,22.0,0.22727273404598236,0.3181818127632141,0.1818181872367859,-33.20000076293945,-0.5030303001403809,0.0,1
6.820000171661377,4.550000190734863,6.820000171661377,9.09000015258789,9.09000015258789,6.820000171661377,4.550000190734863,13.640000343322754,11.359999656677246,3.799999952316284,2.5299999713897705,8.859999656677246,5.059999942779541,7.590000152587891,11.390000343322754,6.329999923706055,15.1899995803833,15.1899995803833,27.0,0.3375000059604645,6.260000228881836,0.07819999754428864,2.259999990463257,0.028200000524520874,0.4000000059604645,0.20000000298023224,0.2750000059604645,44.0,0.34090909361839294,0.22727273404598236,0.2954545319080353,36.0,0.4722222089767456,0.1666666716337204,0.25,-35.29999923706055,-0.4412499964237213,0.0,1
2.2699999809265137,2.2699999809265137,11.359999656677246,2.2699999809265137,0.0,6.820000171661377,6.820000171661377,6.820000171661377,6.820000171661377,2.0399999618530273,1.0199999809265137,10.199999809265137,3.059999942779541,3.059999942779541,9.180000305175781,8.15999984741211,9.180000305175781,8.15999984741211,39.0,0.3939000070095062,4.349999904632568,0.04390000179409981,2.0,0.02019999921321869,0.2929292917251587,0.20202019810676575,0.2525252401828766,44.0,0.27272728085517883,0.25,0.1818181872367859,55.0,0.30909091234207153,0.16363635659217834,0.30909091234207153,-41.099998474121094,-0.4151515066623688,0.0,1
6.980000019073486,2.3299999237060547,4.650000095367432,4.650000095367432,2.3299999237060547,9.300000190734863,6.980000019073486,11.630000114440918,6.980000019073486,2.75,4.590000152587891,5.5,6.420000076293945,3.6700000762939453,7.340000152587891,5.5,11.010000228881836,8.260000228881836,35.0,0.3181999921798706,13.380000114440918,0.1216999962925911,4.269999980926514,0.03880000114440918,0.2818181812763214,0.20000000298023224,0.2545454502105713,43.0,0.302325576543808,0.25581395626068115,0.1860465109348297,67.0,0.26865673065185547,0.16417910158634186,0.2985074520111084,-38.70000076293945,-0.35181817412376404,0.0,1
4.550000190734863,0.0,4.550000190734863,4.550000190734863,2.2699999809265137,9.09000015258789,6.820000171661377,15.90999984741211,9.09000015258789,8.25,2.059999942779541,6.190000057220459,9.279999732971191,6.190000057220459,7.21999979019165,5.150000095367432,11.34000015258789,4.119999885559082,33.0,0.3366999924182892,11.300000190734863,0.1152999997138977,4.070000171661377,0.041600000113248825,0.2142857164144516,0.2857142984867096,0.27551019191741943,44.0,0.34090909361839294,0.1818181872367859,0.25,54.0,0.1111111119389534,0.37037035822868347,0.29629629850387573,-42.20000076293945,-0.4306122362613678,0.0,1
6.980000019073486,0.0,2.3299999237060547,2.3299999237060547,23.260000228881836,2.3299999237060547,6.980000019073486,6.980000019073486,13.949999809265137,8.109999656677246,2.700000047683716,4.050000190734863,4.050000190734863,16.219999313354492,2.700000047683716,5.409999847412109,9.460000038146973,8.109999656677246,29.0,0.38670000433921814,6.619999885559082,0.08829999715089798,2.9000000953674316,0.03869999945163727,0.2266666740179062,0.25333333015441895,0.30666667222976685,43.0,0.302325576543808,0.1860465109348297,0.3488371968269348,32.0,0.125,0.34375,0.25,-32.5,-0.4333333373069763,-1.0,1
6.670000076293945,0.0,4.440000057220459,2.2200000286102295,2.2200000286102295,11.109999656677246,4.440000057220459,11.109999656677246,8.890000343322754,8.329999923706055,2.0799999237060547,5.210000038146973,4.170000076293945,6.25,12.5,8.329999923706055,11.460000038146973,9.380000114440918,36.0,0.3711000084877014,7.460000038146973,0.07689999788999557,3.319999933242798,0.034299999475479126,0.30927833914756775,0.24742268025875092,0.25773194432258606,45.0,0.2888889014720917,0.2222222238779068,0.2222222238779068,52.0,0.32692307233810425,0.26923078298568726,0.2884615361690521,-41.70000076293945,-0.42989692091941833,0.0,1
0.0,0.0,6.670000076293945,8.890000343322754,0.0,6.670000076293945,2.2200000286102295,13.329999923706055,8.890000343322754,3.700000047683716,0.0,7.409999847412109,9.880000114440918,2.4700000286102295,8.640000343322754,2.4700000286102295,13.579999923706055,7.409999847412109,33.0,0.4023999869823456,8.020000457763672,0.09790000319480896,3.440000057220459,0.041999999433755875,0.2926829159259796,0.19512194395065308,0.24390244483947754,45.0,0.3333333432674408,0.17777778208255768,0.17777778208255768,37.0,0.2432432472705841,0.21621622145175934,0.3243243098258972,-39.099998474121094,-0.47682926058769226,1.0,1
9.09000015258789,6.820000171661377,9.09000015258789,13.640000343322754,2.2699999809265137,6.820000171661377,0.0,15.90999984741211,0.0,12.84000015258789,7.340000152587891,8.260000228881836,11.930000305175781,8.260000228881836,5.5,5.5,9.170000076293945,0.9200000166893005,35.0,0.3181999921798706,15.529999732971191,0.1412000060081482,4.960000038146973,0.045099999755620956,0.15454545617103577,0.3909091055393219,0.30000001192092896,44.0,0.15909090638160706,0.3636363744735718,0.2954545319080353,66.0,0.1515151560306549,0.40909090638160706,0.3030303120613098,-48.79999923706055,-0.44363635778427124,-1.0,1
9.300000190734863,2.3299999237060547,2.3299999237060547,0.0,11.630000114440918,9.300000190734863,0.0,4.650000095367432,6.980000019073486,8.699999809265137,2.9000000953674316,5.800000190734863,2.9000000953674316,10.140000343322754,10.140000343322754,2.9000000953674316,7.25,7.25,30.0,0.428600013256073,4.929999828338623,0.07039999961853027,2.0399999618530273,0.029100000858306885,0.2571428716182709,0.2571428716182709,0.27142858505249023,43.0,0.23255814611911774,0.23255814611911774,0.27906978130340576,27.0,0.29629629850387573,0.29629629850387573,0.25925925374031067,-39.29999923706055,-0.5614285469055176,0.0,1
9.300000190734863,0.0,6.980000019073486,4.650000095367432,2.3299999237060547,2.3299999237060547,4.650000095367432,9.300000190734863,4.650000095367432,6.820000171661377,1.1399999856948853,11.359999656677246,5.679999828338623,5.679999828338623,5.679999828338623,10.229999542236328,7.949999809265137,6.820000171661377,30.0,0.33709999918937683,3.0199999809265137,0.033900000154972076,1.2899999618530273,0.014499999582767487,0.2921348214149475,0.30337077379226685,0.20224718749523163,43.0,0.23255814611911774,0.302325576543808,0.1860465109348297,46.0,0.3478260934352875,0.30434781312942505,0.21739129722118378,-37.689998626708984,-0.42348313331604004,-1.0,1
8.890000343322754,4.440000057220459,6.670000076293945,8.890000343322754,4.440000057220459,2.2200000286102295,6.670000076293945,6.670000076293945,8.890000343322754,8.220000267028809,4.110000133514404,8.220000267028809,10.960000038146973,5.480000019073486,4.110000133514404,8.220000267028809,6.849999904632568,8.220000267028809,28.0,0.3783999979496002,8.039999961853027,0.10869999974966049,3.369999885559082,0.045499999076128006,0.2432432472705841,0.29729729890823364,0.2432432472705841,45.0,0.2222222238779068,0.31111112236976624,0.2222222238779068,29.0,0.27586206793785095,0.27586206793785095,0.27586206793785095,-36.900001525878906,-0.49864864349365234,-1.0,1
6.820000171661377,15.90999984741211,4.550000190734863,11.359999656677246,2.2699999809265137,6.820000171661377,9.09000015258789,4.550000190734863,9.09000015258789,12.699999809265137,15.869999885559082,4.760000228881836,11.109999656677246,4.760000228881836,6.349999904632568,6.349999904632568,4.760000228881836,7.940000057220459,21.0,0.3280999958515167,3.3399999141693115,0.05220000073313713,1.409999966621399,0.02199999988079071,0.1875,0.375,0.296875,44.0,0.22727273404598236,0.34090909361839294,0.27272728085517883,20.0,0.10000000149011612,0.44999998807907104,0.3499999940395355,-26.200000762939453,-0.40937501192092896,0.0,1
2.2699999809265137,2.2699999809265137,6.820000171661377,2.2699999809265137,4.550000190734863,6.820000171661377,9.09000015258789,9.09000015258789,15.90999984741211,4.599999904632568,1.149999976158142,5.75,1.149999976158142,6.900000095367432,4.599999904632568,6.900000095367432,8.050000190734863,13.789999961853027,28.0,0.3181999921798706,7.0,0.07959999889135361,2.2799999713897705,0.02590000070631504,0.34090909361839294,0.15909090638160706,0.22727273404598236,44.0,0.3863636255264282,0.1818181872367859,0.20454545319080353,44.0,0.2954545319080353,0.13636364042758942,0.25,-35.13999938964844,-0.3993181884288788,0.0,1
4.440000057220459,0.0,4.440000057220459,8.890000343322754,4.440000057220459,6.670000076293945,2.2200000286102295,6.670000076293945,4.440000057220459,3.950000047683716,0.0,7.889999866485596,5.260000228881836,2.630000114440918,9.210000038146973,2.630000114440918,3.950000047683716,3.950000047683716,30.0,0.38960000872612,2.7200000286102295,0.03539999946951866,1.2400000095367432,0.016100000590085983,0.2467532455921173,0.20779220759868622,0.19480518996715546,45.0,0.20000000298023224,0.24444444477558136,0.24444444477558136,32.0,0.3125,0.15625,0.125,-31.600000381469727,-0.41038960218429565,-1.0,1
13.039999961853027,0.0,8.699999809265137,2.1700000762939453,8.699999809265137,6.519999980926514,4.349999904632568,10.869999885559082,8.699999809265137,10.449999809265137,1.4900000095367432,8.960000038146973,1.4900000095367432,14.930000305175781,8.960000038146973,5.96999979019165,10.449999809265137,5.96999979019165,26.0,0.3824000060558319,10.0600004196167,0.14800000190734863,4.380000114440918,0.06430000066757202,0.23529411852359772,0.25,0.3529411852359772,46.0,0.260869562625885,0.260869562625885,0.28260868787765503,22.0,0.1818181872367859,0.22727273404598236,0.5,-34.70000076293945,-0.5102941393852234,0.0,1
0.0,0.0,6.670000076293945,8.890000343322754,6.670000076293945,11.109999656677246,0.0,11.109999656677246,4.440000057220459,0.0,0.0,6.019999980926514,8.430000305175781,3.609999895095825,12.050000190734863,3.609999895095825,14.460000038146973,3.609999895095825,31.0,0.36899998784065247,7.860000133514404,0.09359999746084213,3.359999895095825,0.03999999910593033,0.2857142984867096,0.1666666716337204,0.2857142984867096,45.0,0.2222222238779068,0.17777778208255768,0.3333333432674408,39.0,0.3589743673801422,0.1538461595773697,0.23076923191547394,-39.099998474121094,-0.4654761850833893,-1.0,1
4.550000190734863,4.550000190734863,6.820000171661377,4.550000190734863,6.820000171661377,9.09000015258789,6.820000171661377,9.09000015258789,11.359999656677246,4.760000228881836,3.569999933242798,9.520000457763672,2.380000114440918,5.949999809265137,8.329999923706055,9.520000457763672,8.329999923706055,14.289999961853027,32.0,0.3765000104904175,2.3399999141693115,0.027499999850988388,1.0,0.011800000444054604,0.3529411852359772,0.24705882370471954,0.2235294133424759,44.0,0.3181818127632141,0.25,0.27272728085517883,41.0,0.39024388790130615,0.24390244483947754,0.17073170840740204,-35.79999923706055,-0.4211764633655548,1.0,1
9.09000015258789,0.0,9.09000015258789,2.2699999809265137,6.820000171661377,13.640000343322754,2.2699999809265137,11.359999656677246,6.820000171661377,9.520000457763672,1.190000057220459,7.139999866485596,4.760000228881836,8.329999923706055,10.710000038146973,3.569999933242798,10.710000038146973,5.949999809265137,34.0,0.4000000059604645,7.559999942779541,0.08900000154972076,3.109999895095825,0.03660000115633011,0.2705882489681244,0.2235294133424759,0.29411765933036804,44.0,0.34090909361839294,0.22727273404598236,0.25,41.0,0.19512194395065308,0.2195121943950653,0.3414634168148041,-49.0,-0.5764706134796143,0.0,1
4.440000057220459,0.0,8.890000343322754,6.670000076293945,2.2200000286102295,6.670000076293945,6.670000076293945,8.890000343322754,4.440000057220459,2.4100000858306885,2.4100000858306885,7.230000019073486,8.430000305175781,4.820000171661377,9.640000343322754,4.820000171661377,10.84000015258789,4.820000171661377,30.0,0.3571000099182129,7.5,0.0892999991774559,3.2300000190734863,0.03840000182390213,0.261904776096344,0.2261904776096344,0.25,45.0,0.2888889014720917,0.24444444477558136,0.17777778208255768,39.0,0.23076923191547394,0.20512820780277252,0.3333333432674408,-34.099998474121094,-0.4059523940086365,-1.0,1
4.650000095367432,0.0,9.300000190734863,9.300000190734863,4.650000095367432,11.630000114440918,4.650000095367432,11.630000114440918,4.650000095367432,2.9700000286102295,0.0,7.920000076293945,8.90999984741211,2.9700000286102295,10.890000343322754,2.9700000286102295,11.880000114440918,7.920000076293945,39.0,0.3824000060558319,4.199999809265137,0.041200000792741776,1.7599999904632568,0.01730000041425228,0.3137255012989044,0.1764705926179886,0.2647058963775635,43.0,0.3255814015865326,0.20930232107639313,0.25581395626068115,59.0,0.3050847351551056,0.1525423675775528,0.2711864411830902,-43.29999923706055,-0.42450979351997375,0.0,1
0.0,6.519999980926514,4.349999904632568,4.349999904632568,10.869999885559082,6.519999980926514,2.1700000762939453,6.519999980926514,10.869999885559082,0.0,9.720000267028809,4.170000076293945,2.7799999713897705,11.109999656677246,9.720000267028809,4.170000076293945,6.940000057220459,11.109999656677246,30.0,0.41100001335144043,4.53000020980835,0.06210000067949295,2.059999942779541,0.028300000354647636,0.3287671208381653,0.13698630034923553,0.31506848335266113,46.0,0.3478260934352875,0.10869564861059189,0.28260868787765503,27.0,0.29629629850387573,0.18518517911434174,0.37037035822868347,-32.400001525878906,-0.44383561611175537,0.0,1
4.550000190734863,6.820000171661377,4.550000190734863,4.550000190734863,4.550000190734863,9.09000015258789,6.820000171661377,6.820000171661377,9.09000015258789,7.690000057220459,6.150000095367432,4.619999885559082,6.150000095367432,12.3100004196167,9.229999542236328,4.619999885559082,7.690000057220459,6.150000095367432,26.0,0.3939000070095062,3.809999942779541,0.05770000070333481,1.690000057220459,0.025599999353289604,0.22727273404598236,0.25757575035095215,0.3181818127632141,44.0,0.2954545319080353,0.25,0.22727273404598236,22.0,0.09090909361839294,0.27272728085517883,0.5,-37.29999923706055,-0.5651515126228333,0.0,1
6.820000171661377,6.820000171661377,6.820000171661377,6.820000171661377,6.820000171661377,9.09000015258789,6.820000171661377,11.359999656677246,2.2699999809265137,4.480000019073486,5.96999979019165,7.460000038146973,7.460000038146973,8.960000038146973,13.430000305175781,5.96999979019165,11.9399995803833,2.990000009536743,25.0,0.3675999939441681,3.2899999618530273,0.04839999973773956,1.2899999618530273,0.01899999938905239,0.25,0.23529411852359772,0.3529411852359772,44.0,0.22727273404598236,0.27272728085517883,0.34090909361839294,24.0,0.2916666567325592,0.1666666716337204,0.375,-34.900001525878906,-0.5132352709770203,1.0,1
2.2699999809265137,0.0,9.09000015258789,6.820000171661377,9.09000015258789,2.2699999809265137,2.2699999809265137,13.640000343322754,4.550000190734863,4.349999904632568,2.9000000953674316,10.140000343322754,8.699999809265137,8.699999809265137,5.800000190734863,5.800000190734863,13.039999961853027,2.9000000953674316,27.0,0.385699987411499,5.96999979019165,0.0851999968290329,2.0399999618530273,0.029200000688433647,0.2857142984867096,0.22857142984867096,0.2857142984867096,44.0,0.2954545319080353,0.1818181872367859,0.25,26.0,0.26923078298568726,0.3076923191547394,0.3461538553237915,-31.200000762939453,-0.4457142949104309,0.0,1
6.670000076293945,2.2200000286102295,2.2200000286102295,2.2200000286102295,0.0,13.329999923706055,4.440000057220459,13.329999923706055,11.109999656677246,5.5,1.8300000429153442,7.340000152587891,5.5,3.6700000762939453,12.84000015258789,8.260000228881836,13.760000228881836,4.590000152587891,40.0,0.3635999858379364,9.149999618530273,0.08320000022649765,3.5799999237060547,0.032499998807907104,0.30000001192092896,0.23636363446712494,0.26363635063171387,45.0,0.3333333432674408,0.20000000298023224,0.2222222238779068,65.0,0.2769230902194977,0.26153847575187683,0.29230770468711853,-45.20000076293945,-0.41090908646583557,0.0,1
4.550000190734863,4.550000190734863,6.820000171661377,4.550000190734863,11.359999656677246,6.820000171661377,6.820000171661377,6.820000171661377,4.550000190734863,5.329999923706055,2.6700000762939453,8.0,4.0,12.0,9.329999923706055,6.670000076293945,8.0,2.6700000762939453,28.0,0.3684000074863434,12.0,0.15790000557899475,5.269999980926514,0.06930000334978104,0.21052631735801697,0.22368420660495758,0.34210526943206787,44.0,0.22727273404598236,0.22727273404598236,0.3181818127632141,32.0,0.1875,0.21875,0.375,-37.20000076293945,-0.4894736707210541,0.0,1
6.820000171661377,4.550000190734863,0.0,0.0,15.90999984741211,11.359999656677246,6.820000171661377,11.359999656677246,6.820000171661377,5.630000114440918,2.819999933242798,1.409999966621399,2.819999933242798,12.680000305175781,9.859999656677246,4.230000019073486,11.270000457763672,7.039999961853027,21.0,0.29170000553131104,11.449999809265137,0.1589999943971634,3.880000114440918,0.05389999970793724,0.25,0.1944444477558136,0.3194444477558136,44.0,0.27272728085517883,0.20454545319080353,0.3181818127632141,28.0,0.2142857164144516,0.1785714328289032,0.3214285671710968,-27.600000381469727,-0.38333332538604736,-1.0,1
2.0799999237060547,0.0,4.170000076293945,4.170000076293945,6.25,8.329999923706055,4.170000076293945,10.420000076293945,14.579999923706055,2.5,0.0,7.5,3.75,6.25,6.25,7.5,8.75,18.75,31.0,0.38269999623298645,6.130000114440918,0.07559999823570251,2.4700000286102295,0.030500000342726707,0.395061731338501,0.17283950746059418,0.2222222238779068,48.0,0.375,0.1666666716337204,0.2291666716337204,33.0,0.42424243688583374,0.1818181872367859,0.21212121844291687,-31.239999771118164,-0.3856790065765381,0.0,1
2.2200000286102295,0.0,2.2200000286102295,4.440000057220459,6.670000076293945,11.109999656677246,4.440000057220459,11.109999656677246,15.5600004196167,1.4299999475479126,0.0,4.289999961853027,2.859999895095825,5.710000038146973,10.0,5.710000038146973,10.0,14.289999961853027,26.0,0.3662000000476837,11.90999984741211,0.16779999434947968,4.599999904632568,0.06480000168085098,0.3802816867828369,0.11267605423927307,0.23943662643432617,45.0,0.4000000059604645,0.13333334028720856,0.24444444477558136,26.0,0.3461538553237915,0.07692307978868484,0.23076923191547394,-26.420000076293945,-0.3721126616001129,0.0,1
0.0,0.0,11.899999618530273,11.899999618530273,4.760000228881836,7.139999866485596,7.139999866485596,16.670000076293945,0.0,1.6100000143051147,0.0,11.289999961853027,8.0600004196167,8.0600004196167,9.680000305175781,8.0600004196167,14.520000457763672,1.6100000143051147,25.0,0.3968000113964081,4.03000020980835,0.06400000303983688,1.6399999856948853,0.026100000366568565,0.2539682686328888,0.2063492089509964,0.3492063581943512,42.0,0.261904776096344,0.2142857164144516,0.3333333432674408,21.0,0.2380952388048172,0.190476194024086,0.380952388048172,-36.599998474121094,-0.5809524059295654,0.0,1
2.2200000286102295,2.2200000286102295,8.890000343322754,4.440000057220459,2.2200000286102295,6.670000076293945,4.440000057220459,6.670000076293945,6.670000076293945,1.409999966621399,1.409999966621399,7.039999961853027,2.819999933242798,2.819999933242798,11.270000457763672,5.630000114440918,8.449999809265137,9.859999656677246,29.0,0.4027999937534332,5.639999866485596,0.07829999923706055,2.369999885559082,0.03290000185370445,0.3611111044883728,0.125,0.2083333283662796,45.0,0.3333333432674408,0.13333334028720856,0.20000000298023224,27.0,0.40740740299224854,0.1111111119389534,0.2222222238779068,-29.0,-0.4027777910232544,0.0,1
2.2200000286102295,2.2200000286102295,8.890000343322754,4.440000057220459,2.2200000286102295,6.670000076293945,4.440000057220459,6.670000076293945,6.670000076293945,5.619999885559082,3.369999885559082,8.989999771118164,5.619999885559082,3.369999885559082,6.739999771118164,7.869999885559082,5.619999885559082,5.619999885559082,35.0,0.3889000117778778,6.880000114440918,0.07639999687671661,2.75,0.03060000017285347,0.2666666805744171,0.2222222238779068,0.23333333432674408,45.0,0.3333333432674408,0.13333334028720856,0.20000000298023224,45.0,0.20000000298023224,0.31111112236976624,0.2666666805744171,-41.099998474121094,-0.4566666781902313,0.0,1
2.2200000286102295,0.0,4.440000057220459,8.890000343322754,2.2200000286102295,6.670000076293945,2.2200000286102295,11.109999656677246,13.329999923706055,4.760000228881836,2.859999895095825,8.569999694824219,11.430000305175781,5.710000038146973,6.670000076293945,4.760000228881836,13.329999923706055,8.569999694824219,39.0,0.367900013923645,6.599999904632568,0.062300000339746475,2.700000047683716,0.02539999969303608,0.30188679695129395,0.24528302252292633,0.2641509473323822,45.0,0.3777777850627899,0.20000000298023224,0.17777778208255768,61.0,0.24590164422988892,0.2786885201931,0.32786884903907776,-47.29999923706055,-0.44622641801834106,0.0,1
2.2699999809265137,4.550000190734863,6.820000171661377,11.359999656677246,2.2699999809265137,6.820000171661377,0.0,13.640000343322754,4.550000190734863,3.259999990463257,3.259999990463257,6.519999980926514,8.699999809265137,4.349999904632568,8.699999809265137,3.259999990463257,10.869999885559082,7.610000133514404,34.0,0.36559998989105225,6.380000114440918,0.06859999895095825,2.559999942779541,0.027499999850988388,0.29032257199287415,0.1827957034111023,0.25806450843811035,44.0,0.27272728085517883,0.20454545319080353,0.27272728085517883,49.0,0.30612245202064514,0.16326530277729034,0.2448979616165161,-39.0,-0.4193548262119293,0.0,1
4.349999904632568,0.0,2.1700000762939453,10.869999885559082,2.1700000762939453,6.519999980926514,4.349999904632568,13.039999961853027,10.869999885559082,2.3299999237060547,0.0,8.140000343322754,6.980000019073486,5.809999942779541,10.470000267028809,4.650000095367432,16.280000686645508,8.140000343322754,33.0,0.37929999828338623,7.039999961853027,0.08100000023841858,2.6700000762939453,0.030700000002980232,0.3448275923728943,0.18390804529190063,0.25287356972694397,46.0,0.28260868787765503,0.21739129722118378,0.21739129722118378,41.0,0.4146341383457184,0.1463414579629898,0.2926829159259796,-38.02000045776367,-0.4370114803314209,0.0,1
0.0,2.1700000762939453,6.519999980926514,4.349999904632568,6.519999980926514,6.519999980926514,8.699999809265137,13.039999961853027,6.519999980926514,2.2699999809265137,2.2699999809265137,6.820000171661377,6.820000171661377,6.820000171661377,4.550000190734863,6.820000171661377,13.640000343322754,5.679999828338623,31.0,0.3483000099658966,8.399999618530273,0.09430000185966492,3.369999885559082,0.03790000081062317,0.2584269642829895,0.2247191071510315,0.2247191071510315,46.0,0.30434781312942505,0.19565217196941376,0.21739129722118378,43.0,0.20930232107639313,0.25581395626068115,0.23255814611911774,-33.5,-0.3764044940471649,-1.0,1
0.0,2.2200000286102295,6.670000076293945,4.440000057220459,6.670000076293945,6.670000076293945,6.670000076293945,13.329999923706055,6.670000076293945,1.2699999809265137,1.2699999809265137,6.329999923706055,5.059999942779541,6.329999923706055,8.859999656677246,6.329999923706055,13.920000076293945,3.799999952316284,28.0,0.3499999940395355,2.2799999713897705,0.0284000001847744,0.8799999952316284,0.010999999940395355,0.25,0.20000000298023224,0.25,45.0,0.2888889014720917,0.20000000298023224,0.2222222238779068,35.0,0.20000000298023224,0.20000000298023224,0.2857142984867096,-32.70000076293945,-0.4087499976158142,-1.0,1
9.09000015258789,6.820000171661377,2.2699999809265137,0.0,4.550000190734863,11.359999656677246,6.820000171661377,9.09000015258789,4.550000190734863,9.09000015258789,4.550000190734863,3.4100000858306885,4.550000190734863,13.640000343322754,6.820000171661377,4.550000190734863,7.949999809265137,6.820000171661377,32.0,0.3596000075340271,15.279999732971191,0.17170000076293945,6.699999809265137,0.07530000060796738,0.1910112351179123,0.24719101190567017,0.33707866072654724,44.0,0.22727273404598236,0.27272728085517883,0.25,45.0,0.15555556118488312,0.2222222238779068,0.42222222685813904,-45.29999923706055,-0.5089887380599976,-1.0,1
4.760000228881836,9.520000457763672,2.380000114440918,9.520000457763672,7.139999866485596,7.139999866485596,2.380000114440918,9.520000457763672,4.760000228881836,5.949999809265137,4.760000228881836,7.139999866485596,7.139999866485596,8.329999923706055,4.760000228881836,7.139999866485596,8.329999923706055,5.949999809265137,28.0,0.3294000029563904,4.320000171661377,0.05079999938607216,1.559999942779541,0.018300000578165054,0.24705882370471954,0.24705882370471954,0.25882354378700256,42.0,0.2142857164144516,0.261904776096344,0.3095238208770752,43.0,0.27906978130340576,0.23255814611911774,0.20930232107639313,-35.91999816894531,-0.4225882291793823,0.0,1
6.670000076293945,4.440000057220459,4.440000057220459,0.0,6.670000076293945,6.670000076293945,6.670000076293945,6.670000076293945,6.670000076293945,4.590000152587891,2.75,7.340000152587891,0.9200000166893005,4.590000152587891,10.09000015258789,8.260000228881836,9.170000076293945,7.340000152587891,34.0,0.3091000020503998,11.100000381469727,0.10090000182390213,3.7799999713897705,0.03440000116825104,0.33636364340782166,0.19090908765792847,0.20909090340137482,45.0,0.31111112236976624,0.17777778208255768,0.2222222238779068,65.0,0.35384616255760193,0.20000000298023224,0.20000000298023224,-32.38999938964844,-0.29445454478263855,0.0,1
6.670000076293945,4.440000057220459,4.440000057220459,0.0,6.670000076293945,4.440000057220459,4.440000057220459,6.670000076293945,8.890000343322754,7.460000038146973,2.990000009536743,2.990000009536743,0.0,5.96999979019165,7.460000038146973,4.480000019073486,5.96999979019165,5.96999979019165,27.0,0.3971000015735626,11.779999732971191,0.17329999804496765,4.71999979019165,0.06939999759197235,0.29411765933036804,0.19117647409439087,0.20588235557079315,45.0,0.2888889014720917,0.17777778208255768,0.24444444477558136,23.0,0.30434781312942505,0.21739129722118378,0.1304347813129425,-24.5,-0.3602941036224365,0.0,1
6.670000076293945,8.890000343322754,2.2200000286102295,2.2200000286102295,2.2200000286102295,11.109999656677246,6.670000076293945,8.890000343322754,6.670000076293945,5.809999942779541,4.650000095367432,4.650000095367432,3.490000009536743,3.490000009536743,8.140000343322754,5.809999942779541,8.140000343322754,9.300000190734863,30.0,0.3447999954223633,3.9800000190734863,0.04580000042915344,1.350000023841858,0.01549999974668026,0.28735631704330444,0.2183908075094223,0.2068965584039688,45.0,0.2666666805744171,0.2666666805744171,0.2222222238779068,42.0,0.3095238208770752,0.1666666716337204,0.190476194024086,-29.219999313354492,-0.33586207032203674,-1.0,1
8.890000343322754,8.890000343322754,4.440000057220459,2.2200000286102295,2.2200000286102295,11.109999656677246,4.440000057220459,8.890000343322754,4.440000057220459,6.670000076293945,5.329999923706055,4.0,1.3300000429153442,6.670000076293945,6.670000076293945,4.0,9.329999923706055,8.0,25.0,0.328900009393692,4.260000228881836,0.0560000017285347,1.2899999618530273,0.016899999231100082,0.22368420660495758,0.2368421107530594,0.22368420660495758,45.0,0.2222222238779068,0.31111112236976624,0.2222222238779068,31.0,0.22580644488334656,0.12903225421905518,0.22580644488334656,-28.729999542236328,-0.3780263066291809,-1.0,1
0.0,0.0,11.109999656677246,8.890000343322754,0.0,6.670000076293945,4.440000057220459,8.890000343322754,8.890000343322754,2.3499999046325684,4.710000038146973,10.59000015258789,11.760000228881836,2.3499999046325684,4.710000038146973,3.5299999713897705,8.239999771118164,7.059999942779541,31.0,0.3605000078678131,9.149999618530273,0.10639999806880951,3.7799999713897705,0.04390000179409981,0.26744186878204346,0.25581395626068115,0.23255814611911774,45.0,0.3333333432674408,0.2222222238779068,0.17777778208255768,41.0,0.19512194395065308,0.2926829159259796,0.2926829159259796,-39.400001525878906,-0.4581395387649536,-1.0,1
0.0,0.0,5.260000228881836,15.789999961853027,10.529999732971191,15.789999961853027,0.0,15.789999961853027,10.529999732971191,7.590000152587891,2.5299999713897705,10.130000114440918,12.65999984741211,10.130000114440918,7.590000152587891,5.059999942779541,8.859999656677246,6.329999923706055,28.0,0.3499999940395355,45.150001525878906,0.564300000667572,15.90999984741211,0.1988999992609024,0.23749999701976776,0.30000001192092896,0.3125,20.0,0.30000001192092896,0.15000000596046448,0.4000000059604645,60.0,0.21666666865348816,0.3499999940395355,0.28333333134651184,-30.899999618530273,-0.38624998927116394,-1.0,1
4.650000095367432,0.0,13.949999809265137,16.280000686645508,4.650000095367432,4.650000095367432,0.0,11.630000114440918,4.650000095367432,3.700000047683716,0.0,10.1899995803833,12.039999961853027,5.559999942779541,7.409999847412109,3.700000047683716,12.960000038146973,4.630000114440918,39.0,0.3578000068664551,9.989999771118164,0.0917000025510788,3.9000000953674316,0.03579999879002571,0.2568807303905487,0.23853211104869843,0.2844036817550659,43.0,0.25581395626068115,0.27906978130340576,0.27906978130340576,66.0,0.25757575035095215,0.21212121844291687,0.28787878155708313,-43.599998474121094,-0.4000000059604645,-1.0,1
0.0,2.2699999809265137,11.359999656677246,11.359999656677246,4.550000190734863,9.09000015258789,4.550000190734863,13.640000343322754,4.550000190734863,2.2200000286102295,2.2200000286102295,8.890000343322754,10.0,4.440000057220459,10.0,2.2200000286102295,16.670000076293945,5.559999942779541,34.0,0.3736000061035156,6.099999904632568,0.06710000336170197,2.4700000286102295,0.02710000053048134,0.2967033088207245,0.21978022158145905,0.2857142984867096,44.0,0.3181818127632141,0.22727273404598236,0.27272728085517883,47.0,0.27659574151039124,0.21276596188545227,0.2978723347187042,-44.900001525878906,-0.49340659379959106,0.0,1
2.2699999809265137,0.0,9.09000015258789,13.640000343322754,4.550000190734863,6.820000171661377,2.2699999809265137,11.359999656677246,2.2699999809265137,6.420000076293945,0.9200000166893005,9.170000076293945,9.170000076293945,4.590000152587891,7.340000152587891,5.5,11.010000228881836,1.8300000429153442,39.0,0.3544999957084656,0.8299999833106995,0.007600000128149986,0.2199999988079071,0.0020000000949949026,0.20909090340137482,0.30909091234207153,0.2545454502105713,44.0,0.20454545319080353,0.2954545319080353,0.27272728085517883,66.0,0.21212121844291687,0.3181818127632141,0.24242423474788666,-67.62000274658203,-0.614727258682251,0.0,1
9.300000190734863,0.0,6.980000019073486,9.300000190734863,13.949999809265137,2.3299999237060547,6.980000019073486,4.650000095367432,11.630000114440918,7.619999885559082,0.0,13.329999923706055,7.619999885559082,11.430000305175781,5.710000038146973,6.670000076293945,11.430000305175781,5.710000038146973,40.0,0.3774000108242035,8.40999984741211,0.07930000126361847,3.390000104904175,0.03189999982714653,0.25471699237823486,0.27358490228652954,0.30188679695129395,43.0,0.25581395626068115,0.27906978130340576,0.27906978130340576,63.0,0.2539682686328888,0.2698412835597992,0.3174603283405304,-57.20000076293945,-0.5396226644515991,0.0,1
6.670000076293945,2.2200000286102295,15.5600004196167,6.670000076293945,4.440000057220459,4.440000057220459,8.890000343322754,4.440000057220459,4.440000057220459,13.329999923706055,8.890000343322754,10.0,14.4399995803833,8.890000343322754,3.3299999237060547,5.559999942779541,4.440000057220459,3.3299999237060547,32.0,0.3515999913215637,7.679999828338623,0.0843999981880188,3.440000057220459,0.03779999911785126,0.16483516991138458,0.4065934121608734,0.2857142984867096,45.0,0.2666666805744171,0.3333333432674408,0.17777778208255768,46.0,0.06521739065647125,0.47826087474823,0.3913043439388275,-41.29999923706055,-0.45384615659713745,0.0,1
2.2699999809265137,4.550000190734863,4.550000190734863,11.359999656677246,2.2699999809265137,4.550000190734863,0.0,9.09000015258789,11.359999656677246,2.130000114440918,2.130000114440918,5.320000171661377,6.380000114440918,3.190000057220459,7.449999809265137,2.130000114440918,9.569999694824219,8.510000228881836,31.0,0.3262999951839447,9.569999694824219,0.10080000013113022,3.680000066757202,0.03869999945163727,0.31578946113586426,0.16842105984687805,0.20000000298023224,44.0,0.34090909361839294,0.1818181872367859,0.20454545319080353,51.0,0.29411765933036804,0.1568627506494522,0.19607843458652496,-38.599998474121094,-0.40631580352783203,0.0,1
4.550000190734863,4.550000190734863,4.550000190734863,9.09000015258789,6.820000171661377,4.550000190734863,0.0,4.550000190734863,11.359999656677246,4.880000114440918,4.880000114440918,6.099999904632568,4.880000114440918,8.539999961853027,6.099999904632568,3.6600000858306885,7.320000171661377,10.979999542236328,33.0,0.397599995136261,2.440000057220459,0.029400000348687172,1.25,0.014999999664723873,0.2650602459907532,0.20481927692890167,0.28915661573410034,44.0,0.25,0.1818181872367859,0.27272728085517883,39.0,0.28205129504203796,0.23076923191547394,0.3076923191547394,-40.5,-0.4879518151283264,-1.0,1
2.3299999237060547,0.0,0.0,9.300000190734863,0.0,11.630000114440918,4.650000095367432,13.949999809265137,11.630000114440918,2.940000057220459,1.4700000286102295,4.409999847412109,8.819999694824219,4.409999847412109,11.760000228881836,4.409999847412109,17.649999618530273,8.819999694824219,27.0,0.3912999927997589,5.079999923706055,0.07360000163316727,1.7999999523162842,0.026200000196695328,0.3333333432674408,0.21739129722118378,0.260869562625885,43.0,0.3255814015865326,0.23255814611911774,0.20930232107639313,26.0,0.3461538553237915,0.19230769574642181,0.3461538553237915,-33.599998474121094,-0.48695653676986694,-1.0,1
4.440000057220459,0.0,6.670000076293945,15.5600004196167,4.440000057220459,0.0,2.2200000286102295,13.329999923706055,2.2200000286102295,4.760000228881836,0.949999988079071,12.380000114440918,9.520000457763672,4.760000228881836,2.859999895095825,4.760000228881836,12.380000114440918,3.809999942779541,39.0,0.367900013923645,4.099999904632568,0.03869999945163727,1.9199999570846558,0.01810000091791153,0.25471699237823486,0.24528302252292633,0.25471699237823486,45.0,0.24444444477558136,0.24444444477558136,0.24444444477558136,61.0,0.26229506731033325,0.24590164422988892,0.26229506731033325,-48.79999923706055,-0.46037736535072327,0.0,1
2.2699999809265137,2.2699999809265137,4.550000190734863,4.550000190734863,9.09000015258789,9.09000015258789,4.550000190734863,11.359999656677246,9.09000015258789,1.190000057220459,1.190000057220459,7.139999866485596,4.760000228881836,5.949999809265137,9.520000457763672,5.949999809265137,11.899999618530273,11.899999618530273,35.0,0.41179999709129333,5.179999828338623,0.061000000685453415,2.240000009536743,0.02630000002682209,0.3294117748737335,0.16470588743686676,0.2705882489681244,44.0,0.2954545319080353,0.15909090638160706,0.2954545319080353,41.0,0.3658536672592163,0.17073170840740204,0.24390244483947754,-45.099998474121094,-0.5305882096290588,1.0,1
4.650000095367432,4.650000095367432,6.980000019073486,6.980000019073486,2.3299999237060547,9.300000190734863,6.980000019073486,13.949999809265137,6.980000019073486,5.5,6.420000076293945,8.260000228881836,8.260000228881836,8.260000228881836,5.5,7.340000152587891,10.09000015258789,6.420000076293945,34.0,0.3091000020503998,8.819999694824219,0.08020000159740448,3.0999999046325684,0.028200000524520874,0.2454545497894287,0.26363635063171387,0.2818181812763214,43.0,0.3255814015865326,0.25581395626068115,0.23255814611911774,67.0,0.19402985274791718,0.26865673065185547,0.31343284249305725,-44.5,-0.40454545617103577,0.0,1
4.550000190734863,0.0,9.09000015258789,4.550000190734863,6.820000171661377,6.820000171661377,2.2699999809265137,9.09000015258789,9.09000015258789,4.690000057220459,0.0,12.5,4.690000057220459,6.25,6.25,3.119999885559082,12.5,10.9399995803833,25.0,0.3846000134944916,5.960000038146973,0.0917000025510788,2.0899999141693115,0.03220000118017197,0.35384616255760193,0.20000000298023224,0.23076923191547394,44.0,0.3636363744735718,0.1818181872367859,0.20454545319080353,21.0,0.3333333432674408,0.2380952388048172,0.2857142984867096,-27.299999237060547,-0.41999998688697815,0.0,1
6.670000076293945,0.0,6.670000076293945,2.2200000286102295,2.2200000286102295,13.329999923706055,6.670000076293945,8.890000343322754,8.890000343322754,7.340000152587891,2.75,6.420000076293945,7.340000152587891,7.340000152587891,8.260000228881836,6.420000076293945,8.260000228881836,5.5,38.0,0.34549999237060547,15.430000305175781,0.14030000567436218,5.539999961853027,0.05040000006556511,0.23636363446712494,0.26363635063171387,0.2818181812763214,45.0,0.31111112236976624,0.2666666805744171,0.20000000298023224,65.0,0.1846153885126114,0.26153847575187683,0.3384615480899811,-43.400001525878906,-0.39454546570777893,-1.0,1
0.0,2.2699999809265137,6.820000171661377,9.09000015258789,2.2699999809265137,2.2699999809265137,6.820000171661377,6.820000171661377,11.359999656677246,0.0,1.590000033378601,7.940000057220459,7.940000057220459,1.590000033378601,4.760000228881836,6.349999904632568,7.940000057220459,7.940000057220459,24.0,0.375,3.190000057220459,0.04989999905228615,1.600000023841858,0.02500000037252903,0.3125,0.21875,0.1875,44.0,0.34090909361839294,0.22727273404598236,0.15909090638160706,20.0,0.25,0.20000000298023224,0.25,-20.700000762939453,-0.32343751192092896,0.0,1
4.550000190734863,0.0,6.820000171661377,11.359999656677246,4.550000190734863,6.820000171661377,2.2699999809265137,13.640000343322754,4.550000190734863,4.820000171661377,0.0,4.820000171661377,7.230000019073486,7.230000019073486,8.430000305175781,1.2000000476837158,12.050000190734863,4.820000171661377,24.0,0.2856999933719635,7.320000171661377,0.08720000088214874,2.2799999713897705,0.0272000003606081,0.2380952388048172,0.1785714328289032,0.2738095223903656,44.0,0.27272728085517883,0.25,0.25,40.0,0.20000000298023224,0.10000000149011612,0.30000001192092896,-31.219999313354492,-0.37166666984558105,0.0,1
9.300000190734863,2.3299999237060547,9.300000190734863,6.980000019073486,11.630000114440918,4.650000095367432,6.980000019073486,6.980000019073486,6.980000019073486,5.96999979019165,1.4900000095367432,7.460000038146973,4.480000019073486,11.9399995803833,2.990000009536743,5.96999979019165,8.960000038146973,5.96999979019165,24.0,0.3528999984264374,1.190000057220459,0.01759999990463257,0.47999998927116394,0.0071000000461936,0.25,0.19117647409439087,0.29411765933036804,43.0,0.27906978130340576,0.25581395626068115,0.27906978130340576,25.0,0.20000000298023224,0.07999999821186066,0.3199999928474426,-33.15999984741211,-0.48764705657958984,0.0,1
0.0,2.2200000286102295,6.670000076293945,8.890000343322754,2.2200000286102295,6.670000076293945,0.0,6.670000076293945,6.670000076293945,2.8299999237060547,0.9399999976158142,9.430000305175781,8.489999771118164,0.9399999976158142,11.319999694824219,2.8299999237060547,11.319999694824219,3.7699999809265137,41.0,0.3831999897956848,14.649999618530273,0.13689999282360077,5.5,0.05139999836683273,0.28037384152412415,0.20560747385025024,0.25233644247055054,45.0,0.2666666805744171,0.15555556118488312,0.24444444477558136,62.0,0.29032257199287415,0.24193547666072845,0.25806450843811035,-41.0,-0.38317757844924927,0.0,1
4.349999904632568,2.1700000762939453,8.699999809265137,4.349999904632568,6.519999980926514,6.519999980926514,4.349999904632568,8.699999809265137,8.699999809265137,6.760000228881836,2.700000047683716,5.409999847412109,2.700000047683716,12.15999984741211,8.109999656677246,2.700000047683716,8.109999656677246,8.109999656677246,24.0,0.3199999928474426,6.760000228881836,0.09009999781847,2.4100000858306885,0.032099999487400055,0.2666666805744171,0.2133333384990692,0.2666666805744171,46.0,0.28260868787765503,0.239130437374115,0.239130437374115,29.0,0.24137930572032928,0.17241379618644714,0.3103448152542114,-29.139999389648438,-0.3885333240032196,0.0,1
6.820000171661377,2.2699999809265137,6.820000171661377,4.550000190734863,9.09000015258789,2.2699999809265137,4.550000190734863,4.550000190734863,9.09000015258789,5.880000114440918,1.4700000286102295,10.289999961853027,2.940000057220459,7.349999904632568,5.880000114440918,5.880000114440918,7.349999904632568,13.239999771118164,27.0,0.3912999927997589,5.369999885559082,0.07779999822378159,2.0199999809265137,0.029200000688433647,0.3188405930995941,0.21739129722118378,0.24637681245803833,44.0,0.25,0.25,0.25,25.0,0.4399999976158142,0.1599999964237213,0.23999999463558197,-28.899999618530273,-0.41884058713912964,0.0,1
2.2699999809265137,0.0,4.550000190734863,0.0,4.550000190734863,11.359999656677246,4.550000190734863,9.09000015258789,11.359999656677246,6.670000076293945,1.3300000429153442,5.329999923706055,4.0,5.329999923706055,10.670000076293945,5.329999923706055,9.329999923706055,9.329999923706055,31.0,0.40790000557899475,4.75,0.0625,2.190000057220459,0.02879999950528145,0.2763157784938812,0.2368421107530594,0.25,44.0,0.2954545319080353,0.15909090638160706,0.25,32.0,0.25,0.34375,0.25,-35.599998474121094,-0.4684210419654846,-1.0,1
2.2200000286102295,0.0,6.670000076293945,2.2200000286102295,6.670000076293945,8.890000343322754,6.670000076293945,13.329999923706055,6.670000076293945,4.170000076293945,0.0,6.940000057220459,4.170000076293945,6.940000057220459,6.940000057220459,6.940000057220459,9.720000267028809,8.329999923706055,29.0,0.39730000495910645,6.340000152587891,0.0868000015616417,2.5999999046325684,0.035599999129772186,0.3287671208381653,0.19178082048892975,0.232876718044281,45.0,0.35555556416511536,0.13333334028720856,0.24444444477558136,28.0,0.2857142984867096,0.2857142984867096,0.2142857164144516,-31.799999237060547,-0.4356164336204529,0.0,1
6.820000171661377,4.550000190734863,4.550000190734863,2.2699999809265137,4.550000190734863,6.820000171661377,9.09000015258789,9.09000015258789,13.640000343322754,3.450000047683716,2.299999952316284,8.050000190734863,2.299999952316284,8.050000190734863,8.050000190734863,9.199999809265137,9.199999809265137,12.640000343322754,31.0,0.3522999882698059,8.710000038146973,0.09889999777078629,3.450000047683716,0.03920000046491623,0.35227271914482117,0.1931818127632141,0.25,44.0,0.3636363744735718,0.22727273404598236,0.20454545319080353,44.0,0.34090909361839294,0.15909090638160706,0.2954545319080353,-35.400001525878906,-0.4022727310657501,1.0,1
6.820000171661377,2.2699999809265137,6.820000171661377,2.2699999809265137,4.550000190734863,6.820000171661377,13.640000343322754,6.820000171661377,9.09000015258789,7.460000038146973,1.4900000095367432,8.960000038146973,2.990000009536743,4.480000019073486,7.460000038146973,11.9399995803833,7.460000038146973,8.960000038146973,25.0,0.3675999939441681,1.840000033378601,0.027000000700354576,0.49000000953674316,0.007199999876320362,0.29411765933036804,0.2647058963775635,0.23529411852359772,44.0,0.2954545319080353,0.25,0.25,24.0,0.2916666567325592,0.2916666567325592,0.2083333283662796,-33.900001525878906,-0.4985294044017792,0.0,1
6.670000076293945,0.0,13.329999923706055,8.890000343322754,2.2200000286102295,6.670000076293945,6.670000076293945,11.109999656677246,2.2200000286102295,3.1600000858306885,1.0499999523162842,10.529999732971191,8.420000076293945,2.109999895095825,9.470000267028809,6.320000171661377,10.529999732971191,7.369999885559082,35.0,0.3646000027656555,12.399999618530273,0.12919999659061432,4.71999979019165,0.04910000041127205,0.3333333432674408,0.1979166716337204,0.2395833283662796,45.0,0.2888889014720917,0.24444444477558136,0.24444444477558136,51.0,0.37254902720451355,0.1568627506494522,0.23529411852359772,-31.0,-0.3229166567325592,0.0,1
2.2699999809265137,0.0,9.09000015258789,4.550000190734863,6.820000171661377,4.550000190734863,6.820000171661377,9.09000015258789,9.09000015258789,3.8499999046325684,0.0,7.690000057220459,6.409999847412109,5.130000114440918,3.8499999046325684,3.8499999046325684,10.260000228881836,7.690000057220459,24.0,0.30379998683929443,2.8499999046325684,0.03610000014305115,1.149999976158142,0.014499999582767487,0.3037974536418915,0.13924050331115723,0.2278480976819992,44.0,0.34090909361839294,0.13636364042758942,0.27272728085517883,35.0,0.2571428716182709,0.1428571492433548,0.17142857611179352,-30.530000686645508,-0.3864556849002838,0.0,0
0.0,4.760000228881836,4.760000228881836,4.760000228881836,19.049999237060547,9.520000457763672,4.760000228881836,4.760000228881836,4.760000228881836,6.480000019073486,1.850000023841858,9.260000228881836,5.559999942779541,5.559999942779541,4.630000114440918,7.409999847412109,7.409999847412109,9.260000228881836,29.0,0.2660999894142151,35.56999969482422,0.3262999951839447,11.0,0.10090000182390213,0.302752286195755,0.2293577939271927,0.2293577939271927,22.0,0.22727273404598236,0.13636364042758942,0.40909090638160706,87.0,0.3218390941619873,0.25287356972694397,0.18390804529190063,-33.20000076293945,-0.30458715558052063,1.0,0
13.329999923706055,2.2200000286102295,11.109999656677246,8.890000343322754,20.0,4.440000057220459,6.670000076293945,6.670000076293945,6.670000076293945,8.510000228881836,3.190000057220459,10.640000343322754,8.510000228881836,14.890000343322754,5.320000171661377,9.569999694824219,8.510000228881836,7.449999809265137,31.0,0.3262999951839447,13.239999771118164,0.13940000534057617,4.78000020980835,0.05040000006556511,0.27368420362472534,0.27368420362472534,0.3263157904148102,45.0,0.2222222238779068,0.31111112236976624,0.3777777850627899,50.0,0.3199999928474426,0.23999999463558197,0.2800000011920929,-51.70000076293945,-0.5442105531692505,-1.0,0
4.760000228881836,0.0,7.139999866485596,4.760000228881836,9.520000457763672,11.899999618530273,4.760000228881836,14.289999961853027,7.139999866485596,8.539999961853027,2.440000057220459,6.099999904632568,8.539999961853027,8.539999961853027,8.539999961853027,4.880000114440918,10.979999542236328,12.199999809265137,30.0,0.3614000082015991,4.0,0.04820000007748604,1.2000000476837158,0.014499999582767487,0.3132530152797699,0.2650602459907532,0.2650602459907532,42.0,0.3333333432674408,0.190476194024086,0.3095238208770752,41.0,0.2926829159259796,0.3414634168148041,0.2195121943950653,-45.09000015258789,-0.5432530045509338,1.0,0
11.359999656677246,0.0,9.09000015258789,2.2699999809265137,9.09000015258789,2.2699999809265137,6.820000171661377,6.820000171661377,9.09000015258789,8.239999771118164,0.0,10.59000015258789,2.3499999046325684,7.059999942779541,3.5299999713897705,4.710000038146973,9.40999984741211,8.239999771118164,34.0,0.3953000009059906,3.4700000286102295,0.04039999842643738,1.6100000143051147,0.018699999898672104,0.26744186878204346,0.22093023359775543,0.24418604373931885,44.0,0.27272728085517883,0.27272728085517883,0.22727273404598236,42.0,0.261904776096344,0.1666666716337204,0.261904776096344,-40.099998474121094,-0.4662790596485138,-1.0,0
2.2699999809265137,4.550000190734863,15.90999984741211,9.09000015258789,9.09000015258789,2.2699999809265137,11.359999656677246,9.09000015258789,2.2699999809265137,4.349999904632568,4.349999904632568,11.59000015258789,8.699999809265137,8.699999809265137,2.9000000953674316,11.59000015258789,8.699999809265137,2.9000000953674316,25.0,0.3571000099182129,10.609999656677246,0.15160000324249268,4.869999885559082,0.06960000097751617,0.22857142984867096,0.2571428716182709,0.3142857253551483,44.0,0.27272728085517883,0.25,0.3181818127632141,26.0,0.1538461595773697,0.26923078298568726,0.3076923191547394,-34.900001525878906,-0.4985714256763458,0.0,0
0.0,0.0,0.0,0.0,5.260000228881836,21.049999237060547,0.0,5.260000228881836,21.049999237060547,4.760000228881836,1.590000033378601,9.520000457763672,3.1700000762939453,6.349999904632568,11.109999656677246,4.760000228881836,7.940000057220459,9.520000457763672,24.0,0.375,2.640000104904175,0.04129999876022339,0.8299999833106995,0.013000000268220901,0.34375,0.1875,0.25,20.0,0.44999998807907104,0.05000000074505806,0.25,44.0,0.2954545319080353,0.25,0.25,-27.299999237060547,-0.42656248807907104,-1.0,0
9.520000457763672,2.380000114440918,9.520000457763672,11.899999618530273,9.520000457763672,2.380000114440918,0.0,7.139999866485596,9.520000457763672,6.900000095367432,1.7200000286102295,8.619999885559082,10.34000015258789,12.069999694824219,3.450000047683716,0.0,6.900000095367432,8.619999885559082,18.0,0.3050999939441681,7.579999923706055,0.12849999964237213,2.299999952316284,0.039000000804662704,0.20338983833789825,0.22033898532390594,0.33898305892944336,42.0,0.2380952388048172,0.261904776096344,0.3333333432674408,17.0,0.11764705926179886,0.11764705926179886,0.3529411852359772,-26.100000381469727,-0.4423728883266449,0.0,0
8.890000343322754,4.440000057220459,13.329999923706055,4.440000057220459,8.890000343322754,4.440000057220459,13.329999923706055,4.440000057220459,13.329999923706055,9.84000015258789,3.2799999713897705,13.109999656677246,6.559999942779541,8.199999809265137,4.920000076293945,11.479999542236328,8.199999809265137,9.84000015258789,18.0,0.29030001163482666,7.260000228881836,0.11710000038146973,2.5999999046325684,0.04190000146627426,0.29032257199287415,0.30645161867141724,0.25806450843811035,45.0,0.31111112236976624,0.31111112236976624,0.24444444477558136,17.0,0.23529411852359772,0.29411765933036804,0.29411765933036804,-28.200000762939453,-0.45483872294425964,-1.0,0
0.0,2.2699999809265137,2.2699999809265137,4.550000190734863,4.550000190734863,4.550000190734863,4.550000190734863,9.09000015258789,13.640000343322754,2.6700000762939453,1.3300000429153442,5.329999923706055,5.329999923706055,4.0,5.329999923706055,5.329999923706055,12.0,9.329999923706055,27.0,0.35530000925064087,5.460000038146973,0.07180000096559525,2.380000114440918,0.031300000846385956,0.31578946113586426,0.17105263471603394,0.19736842811107635,44.0,0.34090909361839294,0.15909090638160706,0.1818181872367859,32.0,0.28125,0.1875,0.21875,-30.200000762939453,-0.3973684310913086,-1.0,0
13.329999923706055,2.2200000286102295,8.890000343322754,4.440000057220459,15.5600004196167,8.890000343322754,6.670000076293945,6.670000076293945,6.670000076293945,10.609999656677246,4.550000190734863,7.579999923706055,10.609999656677246,13.640000343322754,6.059999942779541,6.059999942779541,6.059999942779541,4.550000190734863,25.0,0.37310001254081726,9.84000015258789,0.1468999981880188,3.880000114440918,0.05790000036358833,0.20895522832870483,0.2985074520111084,0.34328359365463257,45.0,0.24444444477558136,0.2888889014720917,0.35555556416511536,22.0,0.13636364042758942,0.3181818127632141,0.3181818127632141,-32.400001525878906,-0.483582079410553,-1.0,0
4.650000095367432,0.0,2.3299999237060547,0.0,4.650000095367432,11.630000114440918,9.300000190734863,16.280000686645508,6.980000019073486,3.1700000762939453,0.0,3.1700000762939453,0.0,3.1700000762939453,15.869999885559082,7.940000057220459,19.049999237060547,6.349999904632568,21.0,0.3280999958515167,12.869999885559082,0.20110000669956207,5.099999904632568,0.07970000058412552,0.34375,0.171875,0.265625,43.0,0.3255814015865326,0.20930232107639313,0.25581395626068115,21.0,0.380952388048172,0.095238097012043,0.2857142984867096,-19.700000762939453,-0.30781251192092896,0.0,0
0.0,9.520000457763672,4.760000228881836,0.0,19.049999237060547,19.049999237060547,9.520000457763672,9.520000457763672,9.520000457763672,6.059999942779541,9.09000015258789,8.079999923706055,10.100000381469727,12.119999885559082,8.079999923706055,7.070000171661377,9.09000015258789,5.050000190734863,37.0,0.3700000047683716,7.889999866485596,0.07890000194311142,2.369999885559082,0.02370000071823597,0.23999999463558197,0.2800000011920929,0.3400000035762787,22.0,0.3181818127632141,0.1818181872367859,0.40909090638160706,78.0,0.21794871985912323,0.3076923191547394,0.3205128312110901,-54.0,-0.5400000214576721,-1.0,0
15.0,0.0,25.0,0.0,0.0,10.0,30.0,10.0,10.0,4.71999979019165,0.9399999976158142,9.430000305175781,7.550000190734863,14.149999618530273,4.71999979019165,7.550000190734863,6.599999904632568,3.7699999809265137,36.0,0.33640000224113464,18.670000076293945,0.17440000176429749,7.199999809265137,0.06729999929666519,0.18691588938236237,0.22429905831813812,0.3644859790802002,21.0,0.4761904776096344,0.4285714328289032,0.095238097012043,86.0,0.11627907305955887,0.1744185984134674,0.43023255467414856,-54.599998474121094,-0.5102803707122803,1.0,0
2.2699999809265137,2.2699999809265137,4.550000190734863,4.550000190734863,2.2699999809265137,11.359999656677246,2.2699999809265137,9.09000015258789,6.820000171661377,1.5199999809265137,1.5199999809265137,4.550000190734863,4.550000190734863,3.0299999713897705,10.609999656677246,1.5199999809265137,7.579999923706055,9.09000015258789,23.0,0.3433000147342682,4.510000228881836,0.06729999929666519,1.7599999904632568,0.026200000196695328,0.31343284249305725,0.13432836532592773,0.20895522832870483,44.0,0.3636363744735718,0.15909090638160706,0.20454545319080353,23.0,0.21739129722118378,0.08695652335882187,0.21739129722118378,-26.299999237060547,-0.39253732562065125,1.0,0
5.260000228881836,0.0,15.789999961853027,10.529999732971191,15.789999961853027,5.260000228881836,10.529999732971191,10.529999732971191,0.0,4.599999904632568,0.0,12.640000343322754,9.199999809265137,11.489999771118164,5.75,10.34000015258789,8.050000190734863,3.450000047683716,34.0,0.3864000141620636,10.539999961853027,0.11980000138282776,4.389999866485596,0.04989999905228615,0.25,0.2613636255264282,0.3068181872367859,20.0,0.20000000298023224,0.25,0.3499999940395355,68.0,0.2647058963775635,0.2647058963775635,0.29411765933036804,-46.70000076293945,-0.5306817889213562,-1.0,0
13.039999961853027,2.1700000762939453,6.519999980926514,4.349999904632568,21.739999771118164,4.349999904632568,6.519999980926514,6.519999980926514,0.0,10.34000015258789,1.149999976158142,11.489999771118164,3.450000047683716,12.640000343322754,6.900000095367432,8.050000190734863,10.34000015258789,4.599999904632568,30.0,0.3409000039100647,14.869999885559082,0.16899999976158142,5.369999885559082,0.061000000685453415,0.25,0.27272728085517883,0.3181818127632141,46.0,0.1304347813129425,0.28260868787765503,0.41304346919059753,42.0,0.380952388048172,0.261904776096344,0.2142857164144516,-42.720001220703125,-0.4854545593261719,0.0,0
9.09000015258789,0.0,11.359999656677246,4.550000190734863,4.550000190734863,2.2699999809265137,9.09000015258789,6.820000171661377,4.550000190734863,10.0,0.0,13.329999923706055,8.329999923706055,8.329999923706055,1.6699999570846558,8.329999923706055,8.329999923706055,3.3299999237060547,23.0,0.37700000405311584,15.229999542236328,0.24969999492168427,5.800000190734863,0.09510000050067902,0.19672131538391113,0.31147539615631104,0.2786885201931,44.0,0.20454545319080353,0.2954545319080353,0.25,17.0,0.1764705926179886,0.3529411852359772,0.3529411852359772,-21.299999237060547,-0.34918034076690674,-1.0,0
4.760000228881836,0.0,4.760000228881836,9.520000457763672,0.0,4.760000228881836,4.760000228881836,9.520000457763672,4.760000228881836,5.260000228881836,1.3200000524520874,7.889999866485596,2.630000114440918,6.579999923706055,9.210000038146973,10.529999732971191,9.210000038146973,9.210000038146973,29.0,0.3765999972820282,8.649999618530273,0.11240000277757645,3.5899999141693115,0.04659999907016754,0.31168830394744873,0.2467532455921173,0.22077922523021698,22.0,0.1818181872367859,0.3181818127632141,0.13636364042758942,55.0,0.3636363744735718,0.2181818187236786,0.2545454502105713,-37.70000076293945,-0.4896104037761688,-1.0,0
6.820000171661377,4.550000190734863,9.09000015258789,2.2699999809265137,18.18000030517578,2.2699999809265137,9.09000015258789,2.2699999809265137,0.0,5.0,3.3299999237060547,10.0,3.3299999237060547,16.670000076293945,3.3299999237060547,8.329999923706055,1.6699999570846558,0.0,14.0,0.22949999570846558,23.809999465942383,0.3903000056743622,7.940000057220459,0.13019999861717224,0.13114753365516663,0.26229506731033325,0.32786884903907776,44.0,0.15909090638160706,0.27272728085517883,0.3181818127632141,17.0,0.05882352963089943,0.23529411852359772,0.3529411852359772,-16.610000610351562,-0.2722950875759125,1.0,0
4.760000228881836,0.0,7.139999866485596,0.0,4.760000228881836,7.139999866485596,7.139999866485596,9.520000457763672,7.139999866485596,3.390000104904175,0.0,8.470000267028809,1.690000057220459,3.390000104904175,8.470000267028809,5.079999923706055,11.859999656677246,6.78000020980835,21.0,0.3499999940395355,6.150000095367432,0.10239999741315842,2.5399999618530273,0.04230000078678131,0.2666666805744171,0.21666666865348816,0.20000000298023224,42.0,0.261904776096344,0.2380952388048172,0.190476194024086,18.0,0.2777777910232544,0.1666666716337204,0.2222222238779068,-15.300000190734863,-0.2549999952316284,0.0,0
5.0,5.0,0.0,10.0,10.0,5.0,0.0,5.0,0.0,8.449999809265137,4.230000019073486,4.230000019073486,4.230000019073486,5.630000114440918,7.039999961853027,5.630000114440918,4.230000019073486,7.039999961853027,27.0,0.375,2.799999952316284,0.03889999911189079,1.0700000524520874,0.01489999983459711,0.2361111044883728,0.25,0.2222222238779068,21.0,0.095238097012043,0.190476194024086,0.380952388048172,51.0,0.29411765933036804,0.27450981736183167,0.1568627506494522,-39.20000076293945,-0.5444444417953491,1.0,0
9.09000015258789,0.0,6.820000171661377,2.2699999809265137,6.820000171661377,6.820000171661377,4.550000190734863,11.359999656677246,11.359999656677246,6.900000095367432,0.0,8.619999885559082,3.450000047683716,6.900000095367432,6.900000095367432,3.450000047683716,13.789999961853027,12.069999694824219,17.0,0.288100004196167,9.220000267028809,0.15629999339580536,3.509999990463257,0.05950000137090683,0.35593220591545105,0.20338983833789825,0.2542372941970825,44.0,0.34090909361839294,0.22727273404598236,0.25,15.0,0.4000000059604645,0.13333334028720856,0.2666666805744171,-16.799999237060547,-0.2847457528114319,1.0,0
6.670000076293945,0.0,6.670000076293945,2.2200000286102295,2.2200000286102295,13.329999923706055,4.440000057220459,8.890000343322754,11.109999656677246,10.09000015258789,1.8300000429153442,9.170000076293945,2.75,8.260000228881836,8.260000228881836,6.420000076293945,6.420000076293945,6.420000076293945,39.0,0.3544999957084656,13.90999984741211,0.1264999955892563,5.550000190734863,0.05050000175833702,0.26363635063171387,0.2818181812763214,0.2454545497894287,45.0,0.3333333432674408,0.24444444477558136,0.20000000298023224,65.0,0.2153846174478531,0.3076923191547394,0.2769230902194977,-42.900001525878906,-0.38999998569488525,-1.0,0
0.0,2.3299999237060547,4.650000095367432,4.650000095367432,4.650000095367432,6.980000019073486,6.980000019073486,9.300000190734863,16.280000686645508,1.6699999570846558,1.6699999570846558,3.3299999237060547,3.3299999237060547,5.0,8.329999923706055,5.0,10.0,16.670000076293945,24.0,0.39340001344680786,7.0,0.11469999700784683,2.5199999809265137,0.0414000004529953,0.3442623019218445,0.16393442451953888,0.21311475336551666,43.0,0.3720930218696594,0.1627907007932663,0.20930232107639313,18.0,0.2777777910232544,0.1666666716337204,0.2222222238779068,-22.920000076293945,-0.3757376968860626,-1.0,0
2.2699999809265137,0.0,15.90999984741211,2.2699999809265137,9.09000015258789,4.550000190734863,13.640000343322754,9.09000015258789,2.2699999809265137,1.690000057220459,0.0,13.5600004196167,1.690000057220459,6.78000020980835,5.079999923706055,11.859999656677246,10.170000076293945,1.690000057220459,21.0,0.3499999940395355,2.6700000762939453,0.04450000077486038,0.9300000071525574,0.01549999974668026,0.2666666805744171,0.23333333432674408,0.25,44.0,0.2954545319080353,0.25,0.25,16.0,0.1875,0.1875,0.25,-24.299999237060547,-0.4050000011920929,1.0,0
4.550000190734863,4.550000190734863,11.359999656677246,6.820000171661377,6.820000171661377,4.550000190734863,13.640000343322754,6.820000171661377,2.2699999809265137,2.7799999713897705,5.559999942779541,12.5,4.170000076293945,5.559999942779541,4.170000076293945,12.5,5.559999942779541,5.559999942779541,27.0,0.3698999881744385,5.070000171661377,0.06939999759197235,2.0799999237060547,0.0284000001847744,0.2876712381839752,0.24657534062862396,0.232876718044281,44.0,0.25,0.2954545319080353,0.25,29.0,0.3448275923728943,0.17241379618644714,0.2068965584039688,-35.5,-0.48630136251449585,-1.0,0
0.0,0.0,10.0,5.0,20.0,5.0,0.0,15.0,0.0,9.479999542236328,1.7200000286102295,9.479999542236328,6.900000095367432,8.619999885559082,3.450000047683716,7.760000228881836,8.619999885559082,4.309999942779541,38.0,0.3248000144958496,16.18000030517578,0.13830000162124634,6.21999979019165,0.05310000106692314,0.2222222238779068,0.2905983030796051,0.25641024112701416,21.0,0.190476194024086,0.1428571492433548,0.380952388048172,96.0,0.2291666716337204,0.3229166567325592,0.2291666716337204,-45.70000076293945,-0.3905982971191406,1.0,0
13.949999809265137,4.650000095367432,9.300000190734863,0.0,9.300000190734863,2.3299999237060547,11.630000114440918,0.0,2.3299999237060547,9.720000267028809,2.7799999713897705,9.720000267028809,1.3899999856948853,15.279999732971191,6.940000057220459,11.109999656677246,5.559999942779541,8.329999923706055,27.0,0.3698999881744385,19.700000762939453,0.26980000734329224,6.639999866485596,0.09099999815225601,0.24657534062862396,0.24657534062862396,0.34246575832366943,43.0,0.1627907007932663,0.302325576543808,0.27906978130340576,30.0,0.36666667461395264,0.1666666716337204,0.4333333373069763,-33.900001525878906,-0.4643835723400116,0.0,0
0.0,0.0,5.559999942779541,16.670000076293945,5.559999942779541,0.0,0.0,11.109999656677246,0.0,7.480000019073486,1.8700000047683716,6.539999961853027,6.539999961853027,10.279999732971191,4.670000076293945,3.740000009536743,7.480000019073486,6.539999961853027,35.0,0.32409998774528503,33.380001068115234,0.3091000020503998,11.579999923706055,0.10719999670982361,0.23148147761821747,0.23148147761821747,0.3055555522441864,19.0,0.10526315867900848,0.31578946113586426,0.2631579041481018,89.0,0.2584269642829895,0.21348313987255096,0.31460675597190857,-37.099998474121094,-0.34351852536201477,1.0,0
9.300000190734863,2.3299999237060547,6.980000019073486,2.3299999237060547,9.300000190734863,9.300000190734863,9.300000190734863,9.300000190734863,6.980000019073486,8.329999923706055,1.6699999570846558,8.329999923706055,5.0,8.329999923706055,10.0,10.0,8.329999923706055,6.670000076293945,20.0,0.3278999924659729,7.889999866485596,0.12929999828338623,3.069999933242798,0.0502999983727932,0.24590164422988892,0.2786885201931,0.2950819730758667,43.0,0.25581395626068115,0.27906978130340576,0.302325576543808,18.0,0.2222222238779068,0.2777777910232544,0.2777777910232544,-25.0,-0.4098360538482666,0.0,0
6.380000114440918,0.0,12.770000457763672,6.380000114440918,14.890000343322754,4.260000228881836,8.510000228881836,6.380000114440918,2.130000114440918,4.349999904632568,0.0,11.59000015258789,10.140000343322754,14.489999771118164,5.800000190734863,7.25,8.699999809265137,1.4500000476837158,22.0,0.314300000667572,15.640000343322754,0.22349999845027924,5.340000152587891,0.0763000026345253,0.2142857164144516,0.24285714328289032,0.3571428656578064,47.0,0.21276596188545227,0.27659574151039124,0.3404255211353302,23.0,0.21739129722118378,0.17391304671764374,0.3913043439388275,-28.399999618530273,-0.4057142734527588,0.0,0
5.0,5.0,20.0,10.0,0.0,0.0,20.0,5.0,10.0,8.329999923706055,5.559999942779541,11.109999656677246,12.039999961853027,10.1899995803833,2.7799999713897705,8.329999923706055,5.559999942779541,2.7799999713897705,36.0,0.3303000032901764,56.619998931884766,0.5195000171661377,19.020000457763672,0.1745000034570694,0.1834862381219864,0.33944955468177795,0.302752286195755,21.0,0.3333333432674408,0.380952388048172,0.1428571492433548,88.0,0.14772726595401764,0.3295454680919647,0.34090909361839294,-39.29999923706055,-0.3605504631996155,-1.0,0
11.359999656677246,0.0,9.09000015258789,9.09000015258789,15.90999984741211,4.550000190734863,4.550000190734863,11.359999656677246,6.820000171661377,14.75,0.0,9.84000015258789,9.84000015258789,16.389999389648438,4.920000076293945,3.2799999713897705,11.479999542236328,4.920000076293945,20.0,0.32260000705718994,26.690000534057617,0.430400013923645,10.069999694824219,0.16249999403953552,0.22580644488334656,0.30645161867141724,0.33870968222618103,44.0,0.25,0.2954545319080353,0.34090909361839294,18.0,0.1666666716337204,0.3333333432674408,0.3333333432674408,-26.399999618530273,-0.42580646276474,0.0,0
0.0,0.0,0.0,4.760000228881836,9.520000457763672,14.289999961853027,0.0,4.760000228881836,0.0,4.170000076293945,0.0,12.5,4.170000076293945,3.119999885559082,5.210000038146973,8.329999923706055,3.119999885559082,12.5,37.0,0.3813999891281128,3.380000114440918,0.03480000048875809,0.8899999856948853,0.009100000374019146,0.34020617604255676,0.20618556439876556,0.17525772750377655,22.0,0.1818181872367859,0.04545454680919647,0.3636363744735718,75.0,0.3866666555404663,0.25333333015441895,0.11999999731779099,-65.80999755859375,-0.6784536242485046,1.0,0
4.760000228881836,7.139999866485596,9.520000457763672,4.760000228881836,9.520000457763672,9.520000457763672,9.520000457763672,7.139999866485596,4.760000228881836,2.9000000953674316,4.349999904632568,7.25,4.349999904632568,8.699999809265137,8.699999809265137,10.140000343322754,5.800000190734863,14.489999771118164,26.0,0.37139999866485596,3.0799999237060547,0.04399999976158142,1.309999942779541,0.018699999898672104,0.3285714387893677,0.22857142984867096,0.27142858505249023,42.0,0.261904776096344,0.2857142984867096,0.2857142984867096,28.0,0.4285714328289032,0.1428571492433548,0.25,-29.700000762939453,-0.4242857098579407,0.0,0
9.520000457763672,2.380000114440918,9.520000457763672,7.139999866485596,7.139999866485596,4.760000228881836,4.760000228881836,4.760000228881836,4.760000228881836,10.170000076293945,1.690000057220459,10.170000076293945,5.079999923706055,10.170000076293945,5.079999923706055,5.079999923706055,6.78000020980835,3.390000104904175,20.0,0.33329999446868896,2.930000066757202,0.04879999905824661,1.1399999856948853,0.01899999938905239,0.25,0.28333333134651184,0.23333333432674408,42.0,0.261904776096344,0.2857142984867096,0.2142857164144516,18.0,0.2222222238779068,0.2777777910232544,0.2777777910232544,-25.799999237060547,-0.4300000071525574,-1.0,0
10.0,0.0,15.0,5.0,20.0,5.0,15.0,10.0,0.0,5.21999979019165,0.0,10.430000305175781,4.349999904632568,11.300000190734863,8.699999809265137,7.829999923706055,11.300000190734863,9.569999694824219,40.0,0.3447999954223633,11.600000381469727,0.10000000149011612,4.579999923706055,0.039500001817941666,0.3103448152542114,0.2068965584039688,0.31896552443504333,21.0,0.2857142984867096,0.2857142984867096,0.3333333432674408,95.0,0.31578946113586426,0.1894736886024475,0.31578946113586426,-51.400001525878906,-0.44310346245765686,1.0,0
4.440000057220459,0.0,6.670000076293945,6.670000076293945,8.890000343322754,11.109999656677246,6.670000076293945,15.5600004196167,4.440000057220459,3.6600000858306885,0.0,13.40999984741211,7.320000171661377,7.320000171661377,9.760000228881836,10.979999542236328,13.40999984741211,4.880000114440918,27.0,0.325300008058548,16.049999237060547,0.19329999387264252,5.230000019073486,0.06300000101327896,0.3253012001514435,0.2650602459907532,0.2650602459907532,45.0,0.2888889014720917,0.24444444477558136,0.31111112236976624,38.0,0.3684210479259491,0.28947368264198303,0.21052631735801697,-23.799999237060547,-0.2867469787597656,0.0,0
5.559999942779541,5.559999942779541,11.109999656677246,5.559999942779541,16.670000076293945,0.0,5.559999942779541,5.559999942779541,0.0,6.559999942779541,4.920000076293945,8.199999809265137,9.84000015258789,6.559999942779541,4.920000076293945,6.559999942779541,4.920000076293945,1.6399999856948853,19.0,0.30649998784065247,26.15999984741211,0.4219000041484833,9.529999732971191,0.15360000729560852,0.14516128599643707,0.29032257199287415,0.32258063554763794,19.0,0.10526315867900848,0.2631579041481018,0.42105263471603394,43.0,0.1627907007932663,0.302325576543808,0.27906978130340576,-20.399999618530273,-0.3290322721004486,-1.0,0
6.980000019073486,2.3299999237060547,4.650000095367432,6.980000019073486,16.280000686645508,6.980000019073486,2.3299999237060547,13.949999809265137,9.300000190734863,6.670000076293945,1.1100000143051147,3.3299999237060547,4.440000057220459,11.109999656677246,7.78000020980835,3.3299999237060547,10.0,8.890000343322754,35.0,0.3846000134944916,7.190000057220459,0.07909999787807465,3.2100000381469727,0.03530000150203705,0.2857142984867096,0.17582418024539948,0.2967033088207245,43.0,0.302325576543808,0.20930232107639313,0.3488371968269348,48.0,0.2708333432674408,0.1458333283662796,0.25,-40.900001525878906,-0.4494505524635315,0.0,0
5.0,0.0,0.0,15.0,10.0,5.0,0.0,15.0,0.0,5.409999847412109,0.0,5.409999847412109,5.409999847412109,5.409999847412109,5.409999847412109,4.050000190734863,10.8100004196167,2.700000047683716,25.0,0.33329999446868896,5.320000171661377,0.07090000063180923,2.140000104904175,0.02850000001490116,0.2133333384990692,0.20000000298023224,0.2933333218097687,21.0,0.1428571492433548,0.2380952388048172,0.380952388048172,54.0,0.24074074625968933,0.18518517911434174,0.25925925374031067,-25.899999618530273,-0.3453333377838135,1.0,0
2.1700000762939453,2.1700000762939453,13.039999961853027,4.349999904632568,10.869999885559082,4.349999904632568,8.699999809265137,8.699999809265137,2.1700000762939453,3.450000047683716,1.7200000286102295,10.34000015258789,5.170000076293945,10.34000015258789,3.450000047683716,6.900000095367432,10.34000015258789,1.7200000286102295,20.0,0.33899998664855957,2.119999885559082,0.03590000048279762,0.7400000095367432,0.012500000186264515,0.20338983833789825,0.22033898532390594,0.3050847351551056,46.0,0.239130437374115,0.239130437374115,0.30434781312942505,13.0,0.07692307978868484,0.1538461595773697,0.3076923191547394,-29.600000381469727,-0.501694917678833,-1.0,0
0.0,2.380000114440918,11.899999618530273,2.380000114440918,23.809999465942383,9.520000457763672,7.139999866485596,16.670000076293945,2.380000114440918,2.819999933242798,1.409999966621399,11.270000457763672,2.819999933242798,16.899999618530273,9.859999656677246,7.039999961853027,11.270000457763672,2.819999933242798,22.0,0.30559998750686646,10.40999984741211,0.1445000022649765,3.7100000381469727,0.051600001752376556,0.2361111044883728,0.1944444477558136,0.4027777910232544,42.0,0.261904776096344,0.190476194024086,0.4523809552192688,30.0,0.20000000298023224,0.20000000298023224,0.3333333432674408,-27.799999237060547,-0.3861111104488373,0.0,0
5.880000114440918,0.0,29.40999984741211,5.880000114440918,0.0,5.880000114440918,23.530000686645508,11.760000228881836,11.760000228881836,2.130000114440918,2.130000114440918,14.890000343322754,8.510000228881836,8.510000228881836,8.510000228881836,10.640000343322754,8.510000228881836,6.380000114440918,15.0,0.3125,16.31999969482422,0.3400000035762787,5.389999866485596,0.11219999939203262,0.2916666567325592,0.2083333283662796,0.3541666567325592,18.0,0.4444444477558136,0.3333333432674408,0.1666666716337204,30.0,0.20000000298023224,0.13333334028720856,0.46666666865348816,-15.399999618530273,-0.32083332538604736,-1.0,0
0.0,0.0,10.0,5.0,5.0,5.0,5.0,5.0,5.0,0.0,0.0,15.579999923706055,5.190000057220459,6.489999771118164,5.190000057220459,12.989999771118164,5.190000057220459,11.6899995803833,24.0,0.3077000081539154,9.180000305175781,0.1177000030875206,4.039999961853027,0.05180000141263008,0.3589743673801422,0.23076923191547394,0.20512820780277252,21.0,0.2857142984867096,0.190476194024086,0.190476194024086,57.0,0.38596490025520325,0.24561403691768646,0.21052631735801697,-23.799999237060547,-0.30512821674346924,1.0,0
0.0,0.0,4.760000228881836,9.520000457763672,9.520000457763672,4.760000228881836,0.0,9.520000457763672,0.0,5.329999923706055,0.0,10.670000076293945,8.0,8.0,6.670000076293945,5.329999923706055,13.329999923706055,5.329999923706055,32.0,0.421099990606308,5.989999771118164,0.07890000194311142,2.619999885559082,0.03440000116825104,0.2368421107530594,0.25,0.30263158679008484,22.0,0.09090909361839294,0.22727273404598236,0.3181818127632141,54.0,0.29629629850387573,0.25925925374031067,0.29629629850387573,-47.5,-0.625,-1.0,0
0.0,0.0,4.349999904632568,8.699999809265137,21.739999771118164,4.349999904632568,4.349999904632568,17.389999389648438,4.349999904632568,2.2200000286102295,1.1100000143051147,7.78000020980835,10.0,16.670000076293945,3.3299999237060547,5.559999942779541,10.0,5.559999942779541,35.0,0.3846000134944916,11.289999961853027,0.12409999966621399,4.710000038146973,0.05180000141263008,0.23076923191547394,0.21978022158145905,0.35164836049079895,24.0,0.25,0.2083333283662796,0.375,67.0,0.2238806039094925,0.2238806039094925,0.34328359365463257,-39.29999923706055,-0.43186813592910767,-1.0,0
0.0,0.0,0.0,9.09000015258789,18.18000030517578,13.640000343322754,0.0,13.640000343322754,0.0,8.9399995803833,0.0,5.690000057220459,4.880000114440918,11.380000114440918,7.320000171661377,6.5,9.760000228881836,10.569999694824219,46.0,0.3709999918937683,16.579999923706055,0.13369999825954437,6.039999961853027,0.048700001090765,0.2661290466785431,0.2338709682226181,0.30645161867141724,23.0,0.1304347813129425,0.08695652335882187,0.52173912525177,101.0,0.2970297038555145,0.2673267424106598,0.2574257552623749,-56.79999923706055,-0.4580645263195038,-1.0,0
0.0,5.0,5.0,5.0,20.0,10.0,5.0,10.0,0.0,9.430000305175781,3.7699999809265137,6.599999904632568,9.430000305175781,18.8700008392334,9.430000305175781,3.7699999809265137,11.319999694824219,3.7699999809265137,37.0,0.3458000123500824,64.05999755859375,0.5986999869346619,21.06999969482422,0.19699999690055847,0.20560747385025024,0.2429906576871872,0.420560747385025,21.0,0.1428571492433548,0.1428571492433548,0.4761904776096344,86.0,0.22093023359775543,0.26744186878204346,0.40697672963142395,-45.599998474121094,-0.4261682331562042,-1.0,0
2.380000114440918,2.380000114440918,11.899999618530273,9.520000457763672,2.380000114440918,2.380000114440918,11.899999618530273,2.380000114440918,2.380000114440918,7.760000228881836,1.7200000286102295,14.65999984741211,7.760000228881836,6.03000020980835,5.170000076293945,11.210000038146973,8.619999885559082,3.450000047683716,38.0,0.3248000144958496,17.030000686645508,0.14550000429153442,6.46999979019165,0.05530000105500221,0.25641024112701416,0.2905983030796051,0.25641024112701416,42.0,0.2142857164144516,0.261904776096344,0.2142857164144516,75.0,0.2800000011920929,0.30666667222976685,0.2800000011920929,-39.91999816894531,-0.34119656682014465,-1.0,0
15.220000267028809,13.039999961853027,8.699999809265137,15.220000267028809,15.220000267028809,4.349999904632568,6.519999980926514,4.349999904632568,0.0,20.0,11.670000076293945,8.329999923706055,13.329999923706055,13.329999923706055,5.0,6.670000076293945,3.3299999237060547,0.0,22.0,0.36070001125335693,3.7300000190734863,0.06109999865293503,1.4700000286102295,0.024000000208616257,0.13114753365516663,0.4098360538482666,0.3606557250022888,46.0,0.1304347813129425,0.3913043439388275,0.3913043439388275,15.0,0.13333334028720856,0.46666666865348816,0.2666666805744171,-40.70000076293945,-0.6672131419181824,-1.0,0
9.09000015258789,2.2699999809265137,9.09000015258789,11.359999656677246,9.09000015258789,6.820000171661377,9.09000015258789,9.09000015258789,0.0,10.170000076293945,1.690000057220459,11.859999656677246,10.170000076293945,6.78000020980835,10.170000076293945,8.470000267028809,11.859999656677246,0.0,19.0,0.3167000114917755,3.4200000762939453,0.05700000002980232,1.2300000190734863,0.020500000566244125,0.21666666865348816,0.3166666626930237,0.3166666626930237,44.0,0.20454545319080353,0.2954545319080353,0.34090909361839294,16.0,0.25,0.375,0.25,-26.899999618530273,-0.4483333230018616,1.0,0
11.899999618530273,0.0,14.289999961853027,4.760000228881836,14.289999961853027,4.760000228881836,9.520000457763672,9.520000457763672,2.380000114440918,11.109999656677246,1.3899999856948853,11.109999656677246,8.329999923706055,16.670000076293945,5.559999942779541,6.940000057220459,6.940000057220459,2.7799999713897705,27.0,0.3698999881744385,3.8499999046325684,0.052799999713897705,1.5499999523162842,0.021299999207258224,0.19178082048892975,0.27397260069847107,0.36986300349235535,42.0,0.2380952388048172,0.3095238208770752,0.3095238208770752,31.0,0.12903225421905518,0.22580644488334656,0.4516128897666931,-41.20000076293945,-0.5643835663795471,0.0,0
10.260000228881836,5.130000114440918,0.0,0.0,10.260000228881836,10.260000228881836,2.559999942779541,5.130000114440918,5.130000114440918,8.329999923706055,4.170000076293945,2.0799999237060547,0.0,8.329999923706055,10.420000076293945,4.170000076293945,6.25,4.170000076293945,21.0,0.428600013256073,0.20999999344348907,0.004399999976158142,0.10999999940395355,0.002199999988079071,0.2448979616165161,0.2448979616165161,0.20408163964748383,39.0,0.25641024112701416,0.25641024112701416,0.23076923191547394,10.0,0.20000000298023224,0.20000000298023224,0.10000000149011612,-36.5,-0.7448979616165161,0.0,0
9.09000015258789,2.2699999809265137,6.820000171661377,9.09000015258789,4.550000190734863,6.820000171661377,0.0,4.550000190734863,11.359999656677246,7.019999980926514,1.75,5.260000228881836,7.019999980926514,3.509999990463257,5.260000228881836,0.0,3.509999990463257,12.279999732971191,22.0,0.37929999828338623,5.21999979019165,0.09000000357627869,2.190000057220459,0.03779999911785126,0.24137930572032928,0.17241379618644714,0.18965516984462738,44.0,0.27272728085517883,0.22727273404598236,0.22727273404598236,14.0,0.1428571492433548,0.0,0.0714285746216774,-22.600000381469727,-0.3896551728248596,-1.0,0
11.899999618530273,4.760000228881836,4.760000228881836,4.760000228881836,14.289999961853027,9.520000457763672,7.139999866485596,11.899999618530273,2.380000114440918,11.430000305175781,5.710000038146973,8.569999694824219,11.430000305175781,14.289999961853027,5.710000038146973,5.710000038146973,10.0,2.859999895095825,28.0,0.3944000005722046,3.9000000953674316,0.05490000173449516,1.7799999713897705,0.02500000037252903,0.19718310236930847,0.30985915660858154,0.3661971688270569,42.0,0.2142857164144516,0.2857142984867096,0.380952388048172,29.0,0.17241379618644714,0.3448275923728943,0.3448275923728943,-49.29999923706055,-0.6943662166595459,-1.0,0
0.0,17.389999389648438,4.349999904632568,26.09000015258789,21.739999771118164,0.0,0.0,4.349999904632568,0.0,3.609999895095825,18.06999969482422,9.640000343322754,24.100000381469727,13.25,1.2000000476837158,6.019999980926514,4.820000171661377,0.0,32.0,0.38100001215934753,19.600000381469727,0.23330000042915344,7.599999904632568,0.09040000289678574,0.1071428582072258,0.380952388048172,0.4166666567325592,24.0,0.0416666679084301,0.2916666567325592,0.5416666865348816,60.0,0.13333334028720856,0.4166666567325592,0.36666667461395264,-52.0,-0.6190476417541504,-1.0,0
0.0,0.0,0.0,9.520000457763672,0.0,23.809999465942383,0.0,33.33000183105469,0.0,0.0,0.0,0.0,8.0,0.0,14.670000076293945,0.0,22.670000076293945,2.6700000762939453,32.0,0.421099990606308,41.06999969482422,0.5404000282287598,18.170000076293945,0.23909999430179596,0.42105263471603394,0.09210526198148727,0.22368420660495758,22.0,0.40909090638160706,0.09090909361839294,0.3181818127632141,54.0,0.42592594027519226,0.09259258955717087,0.18518517911434174,-35.900001525878906,-0.47236841917037964,-1.0,0
6.820000171661377,0.0,11.359999656677246,2.2699999809265137,15.90999984741211,4.550000190734863,6.820000171661377,4.550000190734863,4.550000190734863,8.859999656677246,1.2699999809265137,8.859999656677246,3.799999952316284,11.390000343322754,6.329999923706055,8.859999656677246,5.059999942779541,7.590000152587891,25.0,0.3125,39.400001525878906,0.4925000071525574,13.859999656677246,0.17319999635219574,0.26249998807907104,0.25,0.2874999940395355,44.0,0.25,0.20454545319080353,0.34090909361839294,36.0,0.2777777910232544,0.3055555522441864,0.2222222238779068,-24.110000610351562,-0.30137500166893005,0.0,0
0.0,0.0,11.109999656677246,0.0,0.0,11.109999656677246,0.0,16.670000076293945,0.0,5.409999847412109,1.350000023841858,14.859999656677246,6.760000228881836,0.0,5.409999847412109,4.050000190734863,17.56999969482422,0.0,17.0,0.22669999301433563,22.420000076293945,0.29899999499320984,7.510000228881836,0.10010000318288803,0.2666666805744171,0.2800000011920929,0.2133333384990692,19.0,0.2631579041481018,0.15789473056793213,0.21052631735801697,56.0,0.2678571343421936,0.3214285671710968,0.2142857164144516,-16.31999969482422,-0.2176000028848648,-1.0,0
0.0,0.0,14.289999961853027,9.520000457763672,14.289999961853027,9.520000457763672,9.520000457763672,9.520000457763672,4.760000228881836,0.9399999976158142,0.0,8.489999771118164,4.71999979019165,12.260000228881836,7.550000190734863,6.599999904632568,13.210000038146973,8.489999771118164,39.0,0.3644999861717224,4.949999809265137,0.04619999974966049,2.119999885559082,0.01979999989271164,0.30841121077537537,0.15887850522994995,0.32710281014442444,22.0,0.3181818127632141,0.1818181872367859,0.3636363744735718,85.0,0.30588236451148987,0.15294118225574493,0.3176470696926117,-33.099998474121094,-0.3093457818031311,-1.0,0
4.760000228881836,0.0,14.289999961853027,0.0,4.760000228881836,9.520000457763672,9.520000457763672,14.289999961853027,0.0,5.309999942779541,2.6500000953674316,14.15999984741211,2.6500000953674316,3.5399999618530273,5.309999942779541,10.619999885559082,8.850000381469727,9.729999542236328,38.0,0.33329999446868896,28.149999618530273,0.24690000712871552,10.239999771118164,0.08980000019073486,0.3333333432674408,0.2631579041481018,0.18421052396297455,22.0,0.27272728085517883,0.22727273404598236,0.22727273404598236,92.0,0.3478260934352875,0.27173912525177,0.17391304671764374,-24.399999618530273,-0.21403509378433228,1.0,0
11.899999618530273,19.049999237060547,4.760000228881836,21.43000030517578,4.760000228881836,7.139999866485596,4.760000228881836,7.139999866485596,0.0,13.210000038146973,22.639999389648438,7.550000190734863,24.530000686645508,3.7699999809265137,5.659999847412109,5.659999847412109,5.659999847412109,0.0,20.0,0.37040001153945923,1.8300000429153442,0.03400000184774399,0.5600000023841858,0.010400000028312206,0.12962962687015533,0.46296295523643494,0.35185185074806213,42.0,0.1190476194024086,0.4523809552192688,0.3571428656578064,12.0,0.1666666716337204,0.5,0.3333333432674408,-35.70000076293945,-0.6611111164093018,-1.0,0
4.650000095367432,4.650000095367432,9.300000190734863,11.630000114440918,6.980000019073486,6.980000019073486,6.980000019073486,9.300000190734863,0.0,11.539999961853027,2.559999942779541,6.409999847412109,8.970000267028809,8.970000267028809,6.409999847412109,7.690000057220459,6.409999847412109,1.2799999713897705,26.0,0.32910001277923584,10.75,0.13600000739097595,3.690000057220459,0.04670000076293945,0.15189872682094574,0.3164556920528412,0.3291139304637909,43.0,0.1860465109348297,0.302325576543808,0.3255814015865326,36.0,0.1111111119389534,0.3333333432674408,0.3333333432674408,-33.79999923706055,-0.42784810066223145,-1.0,0
11.630000114440918,6.980000019073486,9.300000190734863,9.300000190734863,6.980000019073486,4.650000095367432,6.980000019073486,6.980000019073486,4.650000095367432,10.260000228881836,5.130000114440918,7.690000057220459,6.409999847412109,10.260000228881836,5.130000114440918,5.130000114440918,6.409999847412109,3.8499999046325684,26.0,0.32910001277923584,4.25,0.05380000174045563,1.6399999856948853,0.020800000056624413,0.18987341225147247,0.29113924503326416,0.29113924503326416,43.0,0.20930232107639313,0.3720930218696594,0.25581395626068115,36.0,0.1666666716337204,0.1944444477558136,0.3333333432674408,-32.900001525878906,-0.4164556860923767,0.0,0
18.18000030517578,2.2699999809265137,11.359999656677246,13.640000343322754,13.640000343322754,2.2699999809265137,2.2699999809265137,11.359999656677246,0.0,20.0,1.6699999570846558,11.670000076293945,13.329999923706055,10.0,1.6699999570846558,6.670000076293945,8.329999923706055,3.3299999237060547,19.0,0.31150001287460327,4.130000114440918,0.06769999861717224,1.5399999618530273,0.025200000032782555,0.1803278625011444,0.4262295067310333,0.26229506731033325,44.0,0.13636364042758942,0.40909090638160706,0.3181818127632141,17.0,0.29411765933036804,0.47058823704719543,0.11764705926179886,-31.200000762939453,-0.5114753842353821,-1.0,0
4.550000190734863,0.0,18.18000030517578,9.09000015258789,4.550000190734863,4.550000190734863,0.0,22.729999542236328,0.0,7.610000133514404,0.0,9.779999732971191,3.259999990463257,10.869999885559082,4.349999904632568,3.259999990463257,10.869999885559082,3.259999990463257,32.0,0.3440999984741211,14.140000343322754,0.15199999511241913,5.300000190734863,0.05689999833703041,0.19354838132858276,0.22580644488334656,0.301075279712677,23.0,0.260869562625885,0.260869562625885,0.260869562625885,70.0,0.17142857611179352,0.2142857164144516,0.3142857253551483,-44.400001525878906,-0.47741934657096863,1.0,0
0.0,0.0,5.0,10.0,0.0,10.0,0.0,15.0,15.0,6.929999828338623,0.0,8.90999984741211,6.929999828338623,2.9700000286102295,9.899999618530273,2.9700000286102295,10.890000343322754,14.850000381469727,34.0,0.33329999446868896,14.350000381469727,0.14069999754428864,5.289999961853027,0.051899999380111694,0.3529411852359772,0.21568627655506134,0.21568627655506134,21.0,0.3333333432674408,0.190476194024086,0.190476194024086,81.0,0.3580246865749359,0.2222222238779068,0.2222222238779068,-30.399999618530273,-0.2980392277240753,-1.0,0
0.0,0.0,5.0,0.0,10.0,10.0,5.0,15.0,10.0,3.259999990463257,1.090000033378601,11.960000038146973,5.429999828338623,5.429999828338623,4.349999904632568,10.869999885559082,8.699999809265137,5.429999828338623,32.0,0.3440999984741211,10.5,0.11289999634027481,4.150000095367432,0.044599998742341995,0.2795698940753937,0.2150537669658661,0.24731183052062988,21.0,0.2857142984867096,0.095238097012043,0.380952388048172,72.0,0.2777777910232544,0.25,0.2083333283662796,-36.099998474121094,-0.3881720304489136,1.0,0
4.349999904632568,0.0,21.739999771118164,8.699999809265137,4.349999904632568,4.349999904632568,17.389999389648438,13.039999961853027,4.349999904632568,2.4700000286102295,1.2300000190734863,11.109999656677246,4.940000057220459,12.350000381469727,6.170000076293945,7.409999847412109,8.640000343322754,3.700000047683716,30.0,0.3659000098705292,19.06999969482422,0.23260000348091125,6.769999980926514,0.08259999752044678,0.24390244483947754,0.19512194395065308,0.31707316637039185,24.0,0.3333333432674408,0.3333333432674408,0.2083333283662796,58.0,0.2068965584039688,0.13793103396892548,0.36206895112991333,-26.299999237060547,-0.3207316994667053,-1.0,0
0.0,0.0,5.260000228881836,5.260000228881836,5.260000228881836,21.049999237060547,0.0,15.789999961853027,26.31999969482422,3.369999885559082,0.0,6.739999771118164,3.369999885559082,2.25,7.869999885559082,5.619999885559082,7.869999885559082,16.850000381469727,27.0,0.30000001192092896,21.59000015258789,0.23989999294281006,6.690000057220459,0.07440000027418137,0.3777777850627899,0.1666666716337204,0.20000000298023224,20.0,0.5,0.05000000074505806,0.3499999940395355,70.0,0.34285715222358704,0.20000000298023224,0.15714286267757416,-19.899999618530273,-0.22111110389232635,-1.0,0
0.0,0.0,0.0,0.0,0.0,16.670000076293945,11.109999656677246,11.109999656677246,16.670000076293945,5.75,0.0,5.75,1.149999976158142,3.450000047683716,6.900000095367432,5.75,10.34000015258789,10.34000015258789,32.0,0.3635999858379364,22.18000030517578,0.25200000405311584,8.149999618530273,0.09260000288486481,0.3181818127632141,0.20454545319080353,0.20454545319080353,19.0,0.42105263471603394,0.15789473056793213,0.15789473056793213,69.0,0.28985506296157837,0.21739129722118378,0.21739129722118378,-27.600000381469727,-0.3136363625526428,1.0,0
21.43000030517578,4.760000228881836,7.139999866485596,4.760000228881836,23.809999465942383,2.380000114440918,7.139999866485596,2.380000114440918,0.0,14.520000457763672,6.449999809265137,8.0600004196167,6.449999809265137,16.1299991607666,4.840000152587891,8.0600004196167,4.840000152587891,1.6100000143051147,18.0,0.2856999933719635,21.0,0.33340001106262207,7.360000133514404,0.11680000275373459,0.1428571492433548,0.3492063581943512,0.3492063581943512,42.0,0.1190476194024086,0.380952388048172,0.380952388048172,21.0,0.190476194024086,0.2857142984867096,0.2857142984867096,-32.70000076293945,-0.5190476179122925,0.0,0
2.440000057220459,0.0,14.630000114440918,7.320000171661377,17.06999969482422,4.880000114440918,9.760000228881836,7.320000171661377,4.880000114440918,1.6100000143051147,0.0,12.899999618530273,8.0600004196167,20.969999313354492,4.840000152587891,9.680000305175781,9.680000305175781,3.2300000190734863,22.0,0.3492000102996826,12.3100004196167,0.19539999961853027,5.139999866485596,0.08160000294446945,0.2380952388048172,0.2222222238779068,0.3968254029750824,41.0,0.26829269528388977,0.2195121943950653,0.3658536672592163,22.0,0.1818181872367859,0.22727273404598236,0.4545454680919647,-28.600000381469727,-0.45396825671195984,0.0,0
8.510000228881836,6.380000114440918,8.510000228881836,12.770000457763672,12.770000457763672,6.380000114440918,0.0,14.890000343322754,4.260000228881836,12.699999809265137,6.349999904632568,9.520000457763672,12.699999809265137,11.109999656677246,4.760000228881836,3.1700000762939453,11.109999656677246,4.760000228881836,24.0,0.375,7.829999923706055,0.12240000069141388,3.549999952316284,0.05550000071525574,0.203125,0.328125,0.34375,47.0,0.19148936867713928,0.27659574151039124,0.40425533056259155,17.0,0.23529411852359772,0.47058823704719543,0.1764705926179886,-27.200000762939453,-0.42500001192092896,-1.0,0
4.880000114440918,2.440000057220459,9.760000228881836,7.320000171661377,12.199999809265137,7.320000171661377,7.320000171661377,12.199999809265137,2.440000057220459,3.640000104904175,5.449999809265137,12.729999542236328,14.550000190734863,9.09000015258789,7.269999980926514,7.269999980926514,12.729999542236328,1.8200000524520874,20.0,0.3571000099182129,6.239999771118164,0.11129999905824661,2.3399999141693115,0.04170000180602074,0.2142857164144516,0.2678571343421936,0.3928571343421936,41.0,0.2195121943950653,0.2195121943950653,0.4146341383457184,15.0,0.20000000298023224,0.4000000059604645,0.3333333432674408,-27.200000762939453,-0.48571428656578064,0.0,0
