0,1,2,3,4,5,6,7,8,9,10,11,12,13,14,15,16,17,18,19,20,21,22,23,24,25,26,27,28,29,30,31,32,33,34,35,36,37
10.029550057220458,0.0,3.490322367406743,2.325000047683716,3.490000009536743,2.325469211333716,5.604062547683716,4.650000095367432,3.4903300073067434,10.045670519073486,0.7450433869383716,7.013483519073486,3.7302816559734864,2.984999895095825,2.240000009536743,8.169241519073486,3.760207936073486,2.984999895095825,11.5,0.17149274595435335,2.6649999618530273,0.03914999961853027,1.0349999666213991,0.015250000171363354,0.12623688355,0.13239920932378174,0.10294117778539658,24.86819815,0.12790697813034058,0.12790697813034058,0.8942583105381966,12.5,1.878401247317791,0.14000000059604645,0.10000000149011612,-13.899999618530275,-0.20441175997257235,0.0
9.371537907220459,0.0,3.593568459536743,2.325000047683716,3.490000009536743,2.6541151976837156,5.091821547683716,4.650000095367432,3.6347937895367433,8.09558309536743,1.4551148859003442,5.537802595367431,5.34030748338789,2.424999952316284,1.940000057220459,5.688293957220459,5.850713284265137,3.400000095367431,14.5,0.14145326499057617,10.125,0.09735000133514404,3.6549999713897705,0.03514999896287918,0.3485695442535782,0.1203361129885782,0.155416315,24.3428775,0.12790697813034058,0.12790697813034058,0.7711296105381965,30.5,1.5983426956735611,0.1147540956735611,0.13934426009655,-17.799999237060547,-0.14053979540286254,0.0
8.388741740463256,0.0,4.6196510862939455,4.545000076293945,1.1349999904632568,4.8017051512939455,7.919349595367431,4.545000076293945,5.788370923338622,15.431588404632567,0.5299999713897704,10.210736404632566,5.8499999046325675,1.5950000286102295,3.190000057220459,9.770861114440919,5.901642162132568,3.190000057220459,18.0,0.19006919210614928,3.474999904632569,0.03655000030994415,1.5,0.015799999237060547,0.29883041743457794,0.15263158082962036,0.15318764243457794,27.7960115,0.14772726595401764,0.09090909361839294,1.48381675,25.5,3.1348921382775305,0.20588235557079315,0.12745098769664764,-21.0,-0.1945104517358017,-0.5
8.843688171661377,0.0,4.686686041293945,1.1349999904632568,6.820000171661378,3.877686055830689,3.8490493453674315,4.545000076293945,1.3366666604632569,11.265791767028807,0.00029381408,6.68612764019165,2.3452373911102296,6.25,3.9049999713897705,4.47800087861023,5.4847885296916505,0.7799999713897705,13.0,0.20082796273023223,1.644999980926514,0.025299999862909317,0.7149999737739563,0.010950000025331974,0.4267069087239265,0.16952056850999053,0.19212978734355923,23.61788035,0.1136363670229912,0.14772726595401764,0.5270040659540176,10.5,0.939168097012043,0.2142857164144516,0.1428571492433548,-20.100000381469727,-0.26330409964103696,0.0
4.6007255953674315,0.0,3.4780932208306887,0.0,2.2750000953674316,3.639623045830689,6.353990926293945,5.679999828338622,5.777859753338622,4.629163742779541,0.000230754025,6.087784557220459,1.560653292579541,1.559999942779541,3.125,7.91979764019165,4.707043616220459,3.9049999713897705,12.0,0.18552735396309813,3.1749999523162837,0.04884999990463257,1.2899999618530273,0.019850000739097595,0.3173181668111801,0.10006230302511612,0.12337358149011612,23.8595233,0.17045454680919644,0.09090909361839294,0.5495545170229912,10.5,1.1127991992433548,0.1190476194024086,0.0714285746216774,-13.300000190734865,-0.18140625184028625,0.0
7.579417585830688,0.0,5.692821032338622,2.2750000953674316,4.545000076293945,2.3178955703674315,6.654258985830689,3.410000085830689,2.2933673578674316,9.212066173706054,0.9250000119209291,8.986490269073487,4.165224839613027,3.240000009536743,1.8500000238418581,7.17175747138977,5.12476964669165,1.8500000238418581,17.0,0.15702323312168423,5.34000015258789,0.04899999871850014,1.7649999856948853,0.016200000420212742,0.14877992302434923,0.1376146823167801,0.14190322206678008,25.3316872,0.13636364042758942,0.1136363670229912,0.9174795404275894,32.5,1.8475497587239265,0.1538461595773697,0.13846154510974884,-20.100000381469727,-0.1801330543143692,0.0
6.457587047683716,1.1649999618530273,3.5730277845367433,1.1649999618530273,2.325000047683716,6.092357507220459,5.5398888476837165,4.650000095367432,2.443852907683716,8.505481952316284,1.2200267632302295,7.364039614440918,2.440301004070459,3.0499999523162837,3.660000085830689,8.623462980926513,6.735009554706055,1.2200000286102295,16.0,0.1945543769141388,5.40999984741211,0.06515000015497208,2.0999999046325684,0.025299999862909317,0.33933517520404816,0.1265440197395398,0.1482398546731224,24.8036,0.1627907007932663,0.09302325546741486,0.8908330230595589,20.0,1.8612950029802322,0.16249999403953552,0.125,-18.049999237060547,-0.18984733094532014,0.0
3.7430341404632568,1.1349999904632568,1.257237070463257,1.1349999904632568,2.2750000953674316,4.930959626293945,3.163918490463257,6.820000171661378,3.580386565830689,5.753199942779541,0.7701036837965136,3.877656092779541,2.310220694404541,1.5399999618530273,5.385000228881836,5.059359442779542,6.173900889808349,2.309999942779541,13.0,0.19829807755475312,1.3849999904632568,0.02099999971687794,0.6050000190734864,0.009150000289082527,0.40449504042758944,0.10618363903145843,0.14105391922145843,24.08470415,0.14772726595401764,0.07954545319080353,0.6024179670229912,11.0,1.2015392670229912,0.15909090638160706,0.09090909361839294,-16.600000381469723,-0.21608139507019042,0.0
7.8278245858306885,2.2750000953674316,3.488556370830689,4.545000076293945,4.545000076293945,3.670293360830689,5.7126357453674315,6.820000171661378,5.791970918338622,7.736374976158142,1.2654332230948853,7.085726478338623,2.5305858338397704,3.7950000762939458,5.695000171661378,7.820001961853027,7.626358190191651,7.59499979019165,13.5,0.17057062748023225,3.130000114440918,0.03909999877214432,1.1299999952316284,0.014100000262260437,0.3777814929802322,0.10041802984011612,0.16357908598023224,25.5292835,0.17045454680919644,0.1136363670229912,0.9751989159540176,18.0,2.0797879044883727,0.0833333358168602,0.125,-17.649999618530273,-0.19470597071186066,0.0
5.3897249904632565,1.1349999904632568,5.772473248338622,1.1349999904632568,0.0,3.722141885830689,6.7198667358306885,3.410000085830689,3.543023825830689,6.636757980926514,0.5101216409682569,7.657425904632568,1.5302890908197706,1.5299999713897705,4.59000015258789,8.562215923706056,4.620901415087889,4.079999923706056,19.5,0.1988220830547531,2.174999952316284,0.021950000897049907,1.0,0.010099999606609344,0.35791978086257936,0.10113881502338286,0.1580746880914383,25.40114715,0.13636364042758942,0.125,0.8883573936183929,27.5,1.9292545561710357,0.08181817829608917,0.15454545617103577,-20.549999237060547,-0.17600991333118438,0.0
6.632791759536744,1.1649999618530273,2.440375587683716,2.325000047683716,1.1649999618530273,5.013210175367432,5.934836159536744,5.815000057220459,3.6504177445367434,5.524449,2.2962239826939457,4.6384386,3.211643538296973,1.8350000381469724,3.6700000762939458,6.0626278,5.527639182440918,4.130000114440918,17.5,0.1620296900899353,6.690000057220459,0.06084999814629555,2.134999990463257,0.01940000057220459,0.3936447656381607,0.10100377299011612,0.16068477510528564,24.01147725,0.151162788271904,0.12790697813034058,0.6815615054674149,33.5,1.4454190653259278,0.08208955079317093,0.1492537260055542,-19.350000381469727,-0.14221412206188203,0.0
5.517184245367432,0.0,2.3981256653674317,2.2750000953674316,1.1349999904632568,4.951660306293945,5.932476285830688,7.954999923706055,4.720191716293946,8.4066735,1.0305242288397705,5.043843128610229,4.640826441635596,3.0950000286102295,3.609999895095825,5.991238347683716,5.693283809293946,2.059999942779541,16.5,0.1710700045591446,5.6500000953674325,0.05764999985694885,2.0350000858306885,0.020800000056624413,0.3851961432072258,0.1432496212933548,0.17798960095870972,24.5908978,0.17045454680919644,0.09090909361839294,0.73239315,27.0,1.4083282559694767,0.18518517911434174,0.14814814925193784,-21.100000381469727,-0.1751586161306839,0.0
6.654649009536743,0.0,1.2044145668530273,1.1649999618530273,11.63000011444092,1.2953198868530273,5.951761709536743,3.490000009536743,7.031079774632567,8.232878328338623,1.3506362954918578,3.9268030953674318,2.0257228567674317,8.109999656677246,1.350000023841858,6.038890623706054,4.752928227073486,4.054999828338623,14.5,0.19582884466960904,3.309999942779541,0.04414999857544899,1.450000047683716,0.019349999725818634,0.2025672070089531,0.12725299097720943,0.16651215761488342,24.02927635,0.151162788271904,0.09302325546741486,0.7673624484134675,16.0,1.3825408,0.171875,0.125,-16.25,-0.20358644215348815,-0.5
6.938409338146973,0.0,2.3269058636102296,1.1100000143051145,1.1100000143051145,5.914597808338623,5.02351667861023,5.554999828338623,4.598243951661377,8.924300961853028,1.0415169269530273,4.770427719073487,2.0867308947469723,3.125,6.25,7.961721161853028,5.755676180073486,4.690000057220459,18.0,0.18902648024385071,3.7300000190734863,0.03844999894499779,1.6599999666213991,0.017149999737739563,0.39831208957378383,0.12489921042937545,0.16605193216129305,25.378758,0.14444445073604584,0.1111111119389534,0.7857567119389534,26.0,1.6671075361690522,0.13461539149284366,0.14423076808452606,-20.850000381469727,-0.17816216545970914,0.0
3.1229768,0.0,3.4381740631469726,4.445000171661377,0.0,3.6770031881469727,3.539473514305114,6.664999961853027,4.592117561661377,5.973242523841858,0.0003500523,5.582042673706054,4.940194136680459,1.2350000143051145,4.320000171661377,4.526134014305114,6.812608729853027,3.7049999237060542,16.5,0.2025820277411728,4.010000228881837,0.04895000159740448,1.7200000286102295,0.02099999971687794,0.3792398579629898,0.09789589087532653,0.15603630991973877,24.99596025,0.1666666716337204,0.08888889104127884,0.6741219410412789,18.5,1.424348373635292,0.10810811072587967,0.1621621549129486,-19.549999237060547,-0.2045216077938461,0.5
8.780956576293946,3.410000085830689,4.6329238512939455,6.820000171661378,1.1349999904632568,3.710275620830689,3.2962845,7.954999923706055,0.1272066,12.015840576293947,3.6700123759184455,6.676635614440918,5.96500015258789,4.130000114440918,2.75,7.212381,4.615146188146972,0.4600000083446502,17.5,0.1593045740899353,7.764999866485597,0.0706000030040741,2.4800000190734863,0.02254999987781048,0.2794660480855179,0.19547386628816096,0.18109539896046448,25.3844735,0.07954545319080353,0.1818181872367859,0.9412823659540176,33.0,1.8435780780153275,0.20454545319080356,0.1515151560306549,-24.399999618530273,-0.1910360508921356,-0.5
7.162772095367432,1.1649999618530273,1.2459499768530273,0.0,5.815000057220459,4.9315089453674315,1.9547287,2.325000047683716,3.608142934536743,7.667097404632569,1.450115856153716,4.410350595367431,1.450055326793716,5.070000171661377,5.070000171661377,4.0973176976837165,3.6432855,3.625,15.0,0.2150119664780365,2.4649999141693115,0.03519999980926514,1.019999980926514,0.01455000042915344,0.31685448580913544,0.12868767392413544,0.16582443752624512,23.5086465,0.11627907305955885,0.11627907305955885,0.6105171406517029,13.5,1.1962484992519378,0.14814814925193784,0.12962962687015536,-19.649999618530273,-0.25109611995275877,0.0
7.574544445367431,0.0,3.604268179536743,2.325000047683716,1.1649999618530273,1.5493952918530274,4.599819197683716,4.650000095367432,2.4891312476837157,7.269342885830689,0.5699999928474426,7.437786578338622,2.840098055144311,2.839999914169311,2.839999914169311,8.196061121118165,3.996501729632569,3.410000085830689,15.0,0.1700214278946884,1.5099999904632568,0.01695000007748604,0.6449999809265136,0.007249999791383744,0.4067704107074738,0.15168538689613342,0.14003359874761584,23.8385085,0.11627907305955885,0.151162788271904,0.6413522554674148,23.0,1.3935005467176438,0.15217390656471252,0.10869564861059187,-18.84499931335449,-0.17309821165802,-0.5
7.512460471661377,2.2200000286102295,3.4584308881469727,4.445000171661377,2.2200000286102295,1.5164756493051146,5.721918338146972,3.3350000381469727,4.620426521661377,8.162736133514404,2.055698542007202,5.9537302335144044,5.480537780773487,2.740000009536743,2.0550000667572017,7.343629133514405,3.4467191223162836,4.110000133514404,14.0,0.1906165648248001,4.019999980926514,0.05434999987483024,1.684999942779541,0.022749999538064003,0.39913422363529205,0.14931749055411683,0.16183111363529207,24.950201,0.1111111119389534,0.15555556118488312,0.6855349119389534,14.5,1.4181157839689256,0.13793103396892545,0.13793103396892545,-18.450000762939453,-0.20926987674682615,-0.5
6.564541835830688,7.954999923706055,2.3930803953674316,5.679999828338622,1.1349999904632568,3.805024285830689,6.9987208762939455,2.2750000953674316,4.7140204462939455,10.513623904632567,7.935650530279541,4.275790114440918,5.556381094988623,2.380000114440918,3.1749999523162837,6.498432152316283,2.403028182440918,3.9700000286102295,10.5,0.16776201572575836,1.6699999570846558,0.026100000366568565,0.7049999833106996,0.010999999940395355,0.36285907,0.1880033337,0.18836319499999998,24.5216942,0.1136363670229912,0.17045454680919644,0.7275199404275894,10.0,1.3656593007450581,0.22499999403953552,0.17499999701976776,-13.100000381469725,-0.1649972384604645,0.0
4.370671490463257,1.1349999904632568,3.511928065830689,1.1349999904632568,2.2750000953674316,3.743128360830689,7.062095426293945,4.545000076293945,8.099386973706055,6.571417452316284,0.575322198279071,4.8197235,0.575254887279071,3.4500000476837163,2.299999952316284,6.859211197683717,4.04854173786743,6.894999980926514,14.0,0.1597822767899353,3.5,0.039799999445676804,1.1399999856948853,0.01295000035315752,0.3985553068091965,0.07986311917080353,0.1459275895229912,24.5864537,0.1931818127632141,0.09090909361839294,0.7086911765954018,22.0,1.4973666659540177,0.06818182021379471,0.125,-17.569999694824222,-0.16733344921443938,0.0
7.206025028610229,0.0,2.2260664116102293,4.445000171661377,2.2200000286102295,3.355046268146973,4.989662514305114,3.3350000381469727,2.2286382831102296,8.560262023841858,4.151195e-06,6.942426183242798,2.630117303495918,1.315000057220459,4.605000019073486,6.566917557220459,2.010784808841858,1.9750000238418581,15.0,0.19553509231306,1.3600000143051145,0.01769999973475933,0.6200000047683716,0.008050000295042992,0.13731510279605866,0.10390340406434312,0.09938645148357773,26.4844085,0.10000000149011612,0.12222222238779068,1.0564724723877905,16.0,2.236791,0.078125,0.0625,-15.800000190734865,-0.20321884259214784,-0.5
10.024466980926514,0.0,4.458838134632569,1.0850000381469727,4.349999904632569,3.618812040463257,4.901949152316284,5.434999942779541,4.50484000463257,9.854014404632569,0.7450000047683716,6.586819169073486,0.7451258894883716,7.46500015258789,4.480000019073486,6.677248395095825,5.250059753632568,2.984999895095825,13.0,0.19189860502791595,5.03000020980835,0.07400000095367433,2.190000057220459,0.03215000033378601,0.36276155926179887,0.1250083201085,0.21149634761798858,25.8002475,0.1304347813129425,0.1304347813129425,0.7978838939388275,11.0,1.553343043618393,0.1136363670229912,0.25,-17.350000381469723,-0.2200885376926117,0.0
3.317996,0.0,3.4258138081469727,4.445000171661377,3.3350000381469727,5.859458078338623,2.581278,5.554999828338623,2.3501635186102297,4.3806375,0.0004115313,5.004219990463257,4.215407841337891,1.8049999475479126,6.0250000953674325,5.300685447547913,7.254067706073486,1.8049999475479126,15.5,0.18571473762032625,3.9300000667572017,0.04679999873042106,1.6799999475479126,0.019999999552965164,0.3493143342433548,0.0837032667468602,0.1737409157433548,25.1519792,0.1111111119389534,0.08888889104127884,0.7883900716337204,19.5,1.5636346836900712,0.07692307978868484,0.11538461595773697,-19.549999237060547,-0.20208582104169465,-0.5
5.085428595367432,2.2750000953674316,3.521256165830689,2.2750000953674316,3.410000085830689,4.907075926293945,5.595807335830688,4.545000076293945,5.837189428338622,6.088740114440919,1.785556832721399,6.448950878881836,1.191112809570459,2.974999904632569,4.164999961853027,7.721770028881836,4.185675681853027,7.144999980926514,16.0,0.19173728574520874,1.1699999570846558,0.013749999925494194,0.5,0.005900000222027303,0.42576739261798857,0.12393656595235977,0.14672140667123795,24.246929,0.15909090638160706,0.125,0.6631510904275895,20.5,1.3670746439506531,0.12195122241973877,0.08536585420370102,-17.899999618530273,-0.1755905336827774,0.5
9.268710576293945,0.0,4.547711489293945,1.1349999904632568,3.410000085830689,6.828347695161378,4.810560240463257,5.679999828338622,3.413727566830689,10.999113728881836,0.5950545008652295,6.409723433242798,2.380449286370918,4.164999961853027,5.355000019073486,6.760722466621399,5.388869499073486,2.974999904632569,17.0,0.20243143798023225,3.7799999713897705,0.04450000077486038,1.5549999475479126,0.018300000578165058,0.1416478479840622,0.11182199674123794,0.14783960196518403,25.77461315,0.17045454680919644,0.1136363670229912,1.01005035,20.5,2.0686913219753267,0.10975609719753265,0.17073170840740204,-24.5,-0.28745770358980716,0.0
6.348419528610229,0.0,4.552552161661377,3.3350000381469727,1.1100000143051145,3.691322888146973,6.547240238146973,4.445000171661377,2.3732971786102297,6.657334542915344,1.2051693641653443,6.096795809536744,4.215677160787891,2.4100000858306885,4.820000171661377,6.759208585830688,5.449672401293945,2.4100000858306885,15.0,0.17942253195910646,3.75,0.04464999958872795,1.6150000095367432,0.019200000911951065,0.374183838048172,0.1130952388048172,0.16011395,25.799052500000002,0.14444445073604584,0.12222222238779068,0.8623923910412788,19.5,1.838056465957737,0.10256410390138623,0.1666666716337204,-17.049999237060543,-0.16790179700431823,-0.5
5.761219747683716,0.0,4.776734635367432,4.650000095367432,2.325000047683716,6.234354557220459,4.998329397683715,5.815000057220459,2.5055404476837158,6.022865014305115,0.0005910757,6.025298038146973,4.455386043456055,1.4850000143051145,5.445000171661377,5.105990014305115,5.9647371807204586,3.9600000381469727,19.5,0.19236417357791596,2.0999999046325684,0.020600000396370888,0.8799999952316284,0.00865000020712614,0.4426499006494522,0.0887990604589943,0.17396233618878174,24.245692,0.1627907007932663,0.10465116053819658,0.7717002781303406,29.5,1.5861358675775528,0.0762711837887764,0.1355932205915451,-21.649999618530273,-0.17075665675998689,0.0
3.8151565,3.259999990463257,2.2858458673162843,2.174999952316284,5.434999942779541,3.622878910463257,4.053294638146973,3.259999990463257,5.592010067779541,5.0383185,4.8607824447144035,4.378071288146972,1.3907591391948853,5.554999828338623,4.860000133514403,6.105183038146972,3.4974417071102293,5.554999828338623,15.0,0.2069079206757202,2.265000104904175,0.031050000339746475,1.0299999713897705,0.014150000177323818,0.4127060454190826,0.06914720922461777,0.19307873417633056,26.04863765,0.17391304671764374,0.05434782430529594,0.8559604439388275,13.5,1.739987799251938,0.09259258955717087,0.18518517911434174,-16.200000762939453,-0.1864385980558777,0.0
6.920463595367432,3.410000085830689,2.289633822867432,2.2750000953674316,2.2750000953674316,4.588267241293945,7.023612235830688,3.410000085830689,4.564466057293945,9.97710702861023,3.0765933136837162,5.101463442779541,3.0768620738337162,6.15500020980835,4.614999771118164,7.203361442779541,3.8787998486102295,3.0750000476837163,13.0,0.2003535882047531,1.9049999713897705,0.028850000351667408,0.8450000286102295,0.012799999676644802,0.1448166320229912,0.13003878817547604,0.16333550988160705,25.713083,0.14772726595401764,0.125,0.9838324170229912,11.0,1.9832364968091964,0.13636364042758942,0.25,-18.649999618530273,-0.2783652455614166,0.0
9.408428085830689,3.410000085830689,3.504862935830689,3.410000085830689,3.410000085830689,4.854288276293945,8.07840108583069,5.679999828338622,1.2692148554632567,10.167045009536743,2.985352672045825,7.336353319073487,3.7309507281234864,4.480000019073486,6.71500015258789,9.305399395095826,6.01222492519165,1.4950000047683716,12.5,0.18531930982208406,1.644999980926514,0.02419999986886978,0.6449999809265136,0.009499999694526196,0.337598415,0.11797216194179884,0.2064236376179886,26.790967000000002,0.1136363670229912,0.13636364042758942,1.2938416468091964,12.0,2.6498971783662797,0.0833333358168602,0.1875,-17.450000762939453,-0.22670887048851013,0.5
5.555006990463257,0.0,4.647179021293946,3.410000085830689,4.545000076293945,1.4693893204632569,4.573948490463257,6.820000171661378,2.4197713453674314,8.012238952316284,1.450469979933716,7.726879821661377,4.350255526167569,4.349999904632569,2.900000095367431,7.5580530953674305,6.551812345926514,1.450000047683716,13.5,0.19440149560574949,2.984999895095825,0.04259999841451645,1.019999980926514,0.014600000344216825,0.3717008092433548,0.11478645117433547,0.1756404092433548,25.531989,0.14772726595401764,0.09090909361839294,0.9532664,13.0,1.9787913414928435,0.1538461595773697,0.17307692766189575,-15.600000381469725,-0.19018818445521546,0.0
5.615343338146973,1.1100000143051145,1.1106799362051145,1.1100000143051145,0.0,6.665711041053028,3.9933045286102296,6.664999961853027,5.555627808338623,5.7575365000000005,0.915314574557672,5.0402077262939455,2.750440988515,1.8350000381469724,6.420000076293945,6.531718964440918,6.897045274440918,2.2950000762939458,20.0,0.1837837887189682,4.574999809265137,0.041600000113248825,1.7899999618530273,0.016249999403953552,0.15130042236046448,0.11846741648356246,0.13181817531585696,24.3239695,0.1666666716337204,0.10000000149011612,0.5388104619389533,32.5,1.0890170951097489,0.13076923787593842,0.14615385234355924,-22.600000381469727,-0.2054545432329178,0.0
4.955865845367432,2.2750000953674316,3.537676615830689,2.2750000953674316,5.679999828338622,3.839842985830689,5.495568085830689,3.410000085830689,2.458454095367432,6.2041489618530274,1.3351509723569726,5.6114165,2.00076761615,6.0,4.664999961853028,6.1598543881469725,4.0195028615,1.3350000381469727,14.0,0.18609171174317168,6.0,0.07895000278949738,2.634999990463257,0.03465000167489052,0.3970444336790085,0.1119830951524788,0.21470270671603398,24.142837749999998,0.1136363670229912,0.1136363670229912,0.661598556381607,16.0,1.21205235,0.109375,0.1875,-18.600000381469727,-0.20139571536052703,0.0
7.397002235830689,2.2750000953674316,0.00078918065,0.0,7.954999923706055,5.680667835638622,6.512349085830689,5.679999828338622,3.4106491139806887,8.081137557220458,1.4104639485213992,3.1017323333106996,1.410853306421399,6.34000015258789,4.929999828338623,6.314777009536743,5.663534454881836,3.5199999809265137,10.5,0.14783121326565551,5.7249999046325675,0.0794999971985817,1.940000057220459,0.02694999985396862,0.1266312966,0.0975414521279068,0.1597222238779068,25.185672,0.13636364042758942,0.10227272659540178,0.906074556381607,14.0,1.7709460582072258,0.0892857164144516,0.1607142835855484,-13.800000190734865,-0.19166666269302368,-0.5
3.2667649618530272,0.0,2.088759389646972,2.085000038146972,3.125,4.170967975353028,3.8172536881469723,5.210000038146972,7.293974365353027,4.1897310999999995,0.000474168775,5.0882067499999994,1.87536860325,3.125,3.125,6.09673715,4.391184911,9.375,15.5,0.19383275786649326,3.065000057220459,0.03779999911785126,1.2350000143051145,0.015250000171363354,0.20367883566925052,0.08687344588029709,0.1111167040274534,25.7797464,0.1875,0.0833333358168602,0.5318948858168602,16.5,1.1409849184429168,0.09090909361839294,0.10606060922145844,-15.619999885559082,-0.19281795468476903,0.0
6.695402514305115,0.0,1.1984915443051145,2.2200000286102295,3.3350000381469727,5.837262213338623,6.566405028610229,5.554999828338623,7.90393242480835,8.092837473773956,2.23089175e-05,5.502987980926513,1.4299999475479126,2.8550000190734863,5.0,8.738965519073487,5.04000115,7.144999980926514,13.0,0.18378355487384185,5.954999923706055,0.08389999717473984,2.299999952316284,0.032400000840425484,0.3852305733914184,0.056390209154636536,0.14568728221716307,26.962985500000002,0.20000000298023224,0.06666667014360428,1.1688970723877907,13.0,2.5040093276618958,0.038461539894342416,0.11538461595773697,-13.210000038146973,-0.15975696430005645,0.0
4.203009,0.0,5.951518321265136,5.949999809265137,2.380000114440918,3.5722951050927985,6.8399534332427985,8.335000038146973,0.0015764645,6.354466007152557,0.0002755233,8.171464480926513,4.03018706064835,4.0300002098083505,4.84000015258789,8.45745920980835,7.290471665381836,0.8050000071525574,12.5,0.19923250924820404,2.0150001049041752,0.032000001519918435,0.8199999928474426,0.013050000183284281,0.1292667517164444,0.1034310461754982,0.1746060745870256,24.3591597,0.130952388048172,0.1071428582072258,0.9544770716337204,10.5,1.8724675194024085,0.09523809701204301,0.19047619402408603,-18.299999237060547,-0.2904705199832827,0.0
3.7786508643051144,1.1100000143051145,4.568827041661377,2.2200000286102295,1.1100000143051145,3.7526248081469724,4.29561637861023,3.3350000381469727,3.5129015131469727,4.2264294833106995,0.7058363072106996,5.123644980926514,1.4113442681213992,1.4099999666213991,5.635000228881836,5.6270685572204595,4.244667478132569,4.929999828338623,14.5,0.2043549453767166,2.8199999332427983,0.03914999961853027,1.184999942779541,0.016450000926852226,0.4639032772441864,0.0630508712,0.14704489418313982,24.633637,0.1666666716337204,0.06666667014360428,0.6001958514901161,13.5,1.3166329014961242,0.0555555559694767,0.1111111119389534,-14.5,-0.1589203705116272,0.0
2.9422255143051146,1.1100000143051145,4.445951549761377,2.2200000286102295,1.1100000143051145,3.3358284865469727,3.64515032861023,3.3350000381469727,3.3357778728969727,5.227906242779541,1.685539542129541,5.5959721855590825,2.8106239539795412,1.684999942779541,3.369999885559082,5.864937792779541,2.823475477779541,2.809999942779541,17.5,0.1961580109889389,3.440000057220459,0.03819999843835831,1.375,0.015300000086426735,0.13477774788720856,0.1115541724139534,0.11666666716337205,23.9648155,0.1666666716337204,0.06666667014360428,0.44337145149011614,22.5,0.8641440014901162,0.15555556118488312,0.13333334028720856,-20.549999237060547,-0.22833333909511566,0.0
3.6890691643051143,0.0,2.3563104286102297,4.445000171661377,1.1100000143051145,3.7930694381469725,3.1166926643051145,5.554999828338623,6.860567196853028,5.785947314440918,1.4305085587479125,5.8352648974121095,5.7156003065878895,2.8550000190734863,3.3350000381469727,5.098011614440917,6.683589546853027,4.284999847412109,19.5,0.1850622017118225,3.2999999523162837,0.031150000169873238,1.350000023841858,0.012699999846518041,0.46129152347564695,0.12304514803646317,0.1786832661661911,24.56096075,0.18888889253139496,0.10000000149011612,0.5721259210412788,30.5,1.1991221221149444,0.13934426009655,0.16393442451953888,-23.649999618530273,-0.17686665400917054,0.0
4.430956490463257,2.2750000953674316,3.410795104730689,5.679999828338622,1.1349999904632568,3.410969538230689,2.56458925,6.820000171661378,2.2757683337674317,5.983218495231628,1.6302580059816285,5.241367840463257,4.35045951783257,2.174999952316284,4.349999904632569,5.101977495231628,5.458670455779541,3.8050000667572017,17.0,0.18403824209552613,3.190000057220459,0.034299999475479126,1.2799999713897705,0.013749999925494194,0.14663393014643705,0.09163725548055114,0.12903225421905518,24.6335778,0.13636364042758942,0.10227272659540178,0.7540076904275894,24.5,1.5283852260103226,0.08163265138864517,0.12244898080825806,-19.5,-0.20967741310596466,0.0
5.877971952316284,0.0,1.1931149731469726,5.434999942779541,1.0850000381469727,3.610630740463257,5.056155952316284,6.519999980926514,5.587588102779541,6.054474461853028,1.8976416e-05,6.2960931716613775,3.490342723116743,2.9049999713897705,5.235000133514403,6.227535547683716,8.166875561822755,4.070000171661377,16.5,0.19130008064169313,3.5199999809265137,0.04050000011920929,1.3350000381469727,0.015350000001490116,0.4136820711864472,0.09200138726395034,0.16006159786347202,25.95966625,0.14130434393882751,0.10869564861059187,0.8028571486105919,20.5,1.7522606191728591,0.0731707289814949,0.1463414579629898,-19.010000228881836,-0.18485930516571045,0.0
3.5067545,1.0850000381469727,3.2609645180632567,2.174999952316284,3.259999990463257,3.261268597313257,7.0790560046325695,6.519999980926514,3.2609542232632567,5.768257490463257,1.1352449040632568,5.518308085830689,3.410137858460689,3.410000085830689,2.2750000953674316,7.104366085830689,6.844957068661378,2.839999914169311,15.5,0.1745699607329483,4.199999809265136,0.047150000929832465,1.684999942779541,0.018950000405311584,0.13058855779149475,0.11258896411051575,0.11235955357551575,25.80132,0.15217390656471252,0.09782608598470688,0.7657096986105919,21.5,1.5683296605381967,0.12790697813034058,0.11627907305955885,-16.75,-0.18820224702358246,-0.5
3.3891915,1.1100000143051145,3.456233918146973,2.2200000286102295,3.3350000381469727,3.7476191881469725,5.971553788146973,6.664999961853027,3.5100967381469728,5.109052490463257,0.6352831932332569,5.202179211853027,2.5301528908147706,3.1649999618530273,4.429999828338623,6.7357644618530275,6.984765617146973,1.8999999761581419,14.0,0.17664237451976775,1.1399999856948853,0.0142000000923872,0.4399999976158142,0.0054999999701976785,0.403272925,0.10027047899011612,0.167645155,25.209091,0.14444445073604584,0.10000000149011612,0.7465155619389534,17.5,1.513685501490116,0.10000000149011612,0.1428571492433548,-16.350000381469723,-0.1621551788079071,-0.5
6.727922576293945,3.410000085830689,1.2493071054632567,0.0,2.2750000953674316,6.0606374433386225,5.107272385830689,4.545000076293945,2.4382689753674316,7.422961726293945,2.2754162921174315,3.016682242915344,2.2771786307174318,6.820000171661378,3.410000085830689,4.575698595367432,3.991532063132569,3.410000085830689,16.0,0.18335849651701355,7.639999866485597,0.08585000038146973,3.349999904632569,0.03765000030398369,0.35594969255895614,0.12381441559283507,0.20679594036327362,23.746413,0.1136363670229912,0.13636364042758942,0.5344765,22.5,0.9876292305924416,0.1111111119389534,0.21111111342906952,-22.649999618530273,-0.21651244902999878,-0.5
4.884357914440918,4.760000228881836,1.249191342220459,4.760000228881836,3.5699999332427983,3.775514383242798,3.137745857220459,4.760000228881836,2.466207439440918,6.278748054632569,2.380498473740918,5.074990733242799,3.5706995739427985,4.164999961853027,2.380000114440918,6.207845933242798,4.183663721853027,2.974999904632569,14.0,0.1666052243781952,2.1600000858306885,0.025399999693036083,0.7799999713897705,0.009150000289082527,0.26142629185235977,0.12390999458235977,0.1514899153935013,23.002839,0.1071428582072258,0.130952388048172,0.6244077104385376,21.5,1.183727790651703,0.11627907305955885,0.10465116053819658,-17.959999084472656,-0.18957253958969117,0.0
5.246398438146972,2.2200000286102295,2.3399210186102293,0.0,3.3350000381469727,3.727462173146973,4.821043388146973,3.3350000381469727,3.5048234181469726,4.815302376293946,1.37634871495,4.817703726293946,0.46139970924465024,2.2950000762939458,5.045000076293945,6.144192614440918,4.5993748821469715,3.6700000762939458,17.0,0.1574053695251999,5.550000190734863,0.050450000911951065,1.8899999856948853,0.01720000058412552,0.4369276917039109,0.09664369177896423,0.1430764067006874,24.0285238,0.15555556118488312,0.08888889104127884,0.4693096369389534,32.5,0.9735690812788009,0.10000000149011612,0.10000000149011612,-16.194999694824222,-0.10873178039131925,0.0
7.356538038146972,2.2200000286102295,2.3115883086102293,0.0,3.3350000381469727,2.5249599286102296,5.34899052861023,3.3350000381469727,4.575798096661377,9.040331019073486,1.4955589279183716,3.9123717547683716,0.00069367245,2.984999895095825,3.7300000190734863,6.476443009536744,3.014136133595825,2.984999895095825,13.5,0.2011986879867813,5.889999866485597,0.08664999902248383,2.359999895095825,0.034699998795986176,0.35475342966518403,0.09601136044719544,0.13348268928539658,25.7138953,0.14444445073604584,0.08888889104127884,0.8759555223877907,11.5,1.8301145065647124,0.10869564861059187,0.06521739065647125,-12.25,-0.14972267481121826,0.0
4.836570388146972,4.445000171661377,1.2250414543051145,1.1100000143051145,1.1100000143051145,5.937357178338623,4.502642888146973,4.445000171661377,3.4992792481469728,4.88490687138977,2.325038897983716,3.2273961476837156,1.7450000047683716,1.7450000047683716,4.070000171661377,4.48745932138977,4.081386073661377,4.650000095367432,15.0,0.17353250236118165,1.9900000095367432,0.022900000214576718,0.675000011920929,0.00774999987334013,0.4039598585216522,0.10925246809971115,0.1413713322019844,23.70143925,0.13333334028720856,0.13333334028720856,0.3929304619389534,21.0,0.7805901104385375,0.0833333358168602,0.09523809701204301,-14.609999656677244,-0.13012007016101837,-0.5
7.0226404716613775,4.445000171661377,2.3065694786102293,1.1100000143051145,1.1100000143051145,5.845621328338623,4.22504877861023,4.445000171661377,2.3441811036102296,6.736839288146973,2.6653946442830274,3.5491389,0.6654098419226722,3.3350000381469727,3.3350000381469727,4.71552015,4.683990701853028,4.0,12.5,0.16625139869684602,2.1300001144409184,0.02800000086426735,0.6449999809265136,0.008449999615550041,0.3091557683024788,0.11879370315152969,0.1413048983024788,24.560747,0.1111111119389534,0.15555556118488312,0.5944284119389533,15.5,1.1878939724416733,0.06451612710952759,0.11290322244167328,-14.364999771118164,-0.15972187331459045,-0.5
2.43564,0.0,5.626690128338623,4.445000171661377,0.0,3.5781110981469726,4.11475102861023,4.445000171661377,4.548367381661377,4.389521602316284,2.3550000190734863,6.759078276293946,5.880790565940918,1.1749999523162842,2.3550000190734863,4.330902685694886,4.137966030559082,3.5299999713897705,15.5,0.18203054973390656,4.574999809265137,0.05319999903440476,1.8899999856948853,0.021950000897049907,0.2987762843910217,0.12790697813034058,0.14117461055955885,24.44734575,0.1666666716337204,0.1111111119389534,0.5456540660412789,20.5,1.1134502719753265,0.1463414579629898,0.1463414579629898,-19.700000762939453,-0.2043937368824768,-0.5
3.3396988,0.0,2.756436689440918,7.894999980926514,5.264999866485597,8.318002880926514,2.5985415,7.894999980926514,5.4461197264855965,8.204664576293945,1.2649999856948853,7.072748557220459,6.329999923706055,5.065000057220459,3.7950000762939458,6.048951171389771,4.454307114838623,3.1649999618530273,14.0,0.17527769461976775,22.57500076293945,0.282150000333786,7.954999923706055,0.0994499996304512,0.4057918735098839,0.15000000596046448,0.19856425,12.66936565,0.15000000596046448,0.07500000298023224,0.8261514529802323,30.0,1.501707834326744,0.17499999701976776,0.14166666567325592,-15.449999809265137,-0.150984694635582,-0.5
4.035469297683716,0.0,6.976035573732568,8.140000343322754,2.325000047683716,2.326133516833716,1.3299688,5.815000057220459,2.325931516183716,4.105009523841858,0.000464066165,6.12260734019165,6.020523616076514,2.7799999713897705,3.7049999237060542,3.651542923841858,6.492993053073486,2.315000057220459,19.5,0.17972797338322755,4.994999885559082,0.0458500012755394,1.950000047683716,0.017899999395012856,0.12983426969527434,0.11966547264934922,0.14220288332053296,22.868485,0.12790697813034058,0.13953489065170288,0.4604119906517029,33.0,0.841639375175476,0.10606060922145844,0.14393939077854156,-21.799999237060547,-0.19999637499358225,-0.5
5.1191485,1.1349999904632568,5.679999828338622,5.679999828338622,2.2750000953674316,4.545000076293945,6.2581958953674315,6.820000171661378,2.2750000953674316,7.869738514305115,1.1100000143051145,7.522569171661377,5.0,2.2200000286102295,5.0,6.501947514305114,8.372170353146972,2.7799999713897705,17.0,0.1870350387617578,3.0499999523162837,0.03355000168085099,1.2350000143051145,0.013550000265240671,0.14835165441036224,0.10989011079072952,0.1428571492433548,26.0913995,0.15909090638160706,0.1136363670229912,1.0960863904275895,23.5,2.2742036207551957,0.10638298094272614,0.1489361673593521,-22.450000762939453,-0.24670329689979556,0.0
4.085318990463257,0.0,4.638133666293945,6.820000171661378,2.2750000953674316,3.724221785830689,3.4306224904632567,5.679999828338622,1.268948810463257,7.106309038146973,0.4601316685996502,6.358673938146971,4.585042520111972,2.2950000762939458,3.6700000762939458,5.85829925,5.526332669440918,0.915000021457672,19.5,0.17791462340423278,0.41499999165534973,0.003800000064074993,0.10999999940395355,0.001000000047497451,0.3171012767006874,0.15468054110603577,0.15923527510528565,24.3577045,0.10227272659540178,0.14772726595401764,0.6894001904275894,33.0,1.3370909592214584,0.15909090638160706,0.12121211737394333,-33.810001373291016,-0.2756147868411255,0.0
8.487321395367431,0.0,3.4910570082867434,4.650000095367432,6.9749999046325675,1.1652915786230273,6.475328209536743,2.325000047683716,5.815585260120459,8.876045942779541,0.0009955845,8.971510161853027,3.812286455429541,5.71500015258789,2.8550000190734863,7.376757038146972,5.74296135258789,2.8550000190734863,20.0,0.19334479691210174,4.204999923706056,0.039650000631809235,1.6950000524520874,0.015949999913573265,0.13004532118911746,0.13731542914326478,0.15094339847564697,24.5669348,0.12790697813034058,0.13953489065170288,0.8587208406517028,31.5,1.7279714343164443,0.1349206417798996,0.1587301641702652,-28.600000381469727,-0.26981133222579956,0.0
7.067562538146973,1.1100000143051145,7.87925264480835,3.3350000381469727,2.2200000286102295,2.5429013286102293,7.348501671661377,2.2200000286102295,2.3601845486102295,11.590973461853027,4.445628884761377,7.24329235,7.22130968719165,4.445000171661377,1.6649999618530273,6.71185017138977,2.2475131686102294,1.6649999618530273,16.0,0.17805277016078186,3.839999914169311,0.0421999990940094,1.7200000286102295,0.018899999558925632,0.3045187649556923,0.2038007194804367,0.17395388424335478,25.4841583,0.13333334028720856,0.1666666716337204,0.7886747910412788,23.0,1.5893566953282356,0.239130437374115,0.19565217196941376,-20.649999618530273,-0.19572140629856877,0.0
4.720403690463257,2.2750000953674316,2.275438017667432,5.679999828338622,1.1349999904632568,2.2752188818674317,2.7897227,4.545000076293945,5.680275454708622,5.799455557220459,1.0653630247404593,4.815372585830689,3.190506324870459,1.5950000286102295,3.724999904632569,4.841515557220459,4.81101688391211,4.255000114440918,15.5,0.16410802769197236,4.78499984741211,0.05040000006556511,1.8400000333786009,0.019349999725818634,0.15846659481793213,0.08445436822343902,0.10000000149011612,24.8654363,0.17045454680919644,0.09090909361839294,0.7743513265954017,25.5,1.643060829665184,0.0784313753247261,0.09803921729326248,-19.299999237060547,-0.203157901763916,0.0
5.637998595367431,2.2750000953674316,2.391124820367432,4.545000076293945,3.410000085830689,2.6566155453674316,2.61621665,2.2750000953674316,5.844867588338622,6.879097557220459,2.440463760470459,5.071350102316284,2.440979706570459,4.269999980926514,3.0499999523162837,5.372725542915345,3.684661421830689,5.489999771118164,16.5,0.20127244056813048,1.2200000286102295,0.014700000174343584,0.625,0.007499999832361936,0.3939329379953766,0.10269399751445084,0.18177135286705018,24.688276000000002,0.125,0.09090909361839294,0.7668764904275894,19.5,1.543827647521019,0.11538461595773697,0.1538461595773697,-20.25,-0.2067192625641632,-0.5
4.954236761853027,0.0,0.000211648425,4.650000095367432,0.0,5.815316816850459,5.2732813476837155,6.9749999046325675,5.815218584160459,6.473253528610229,0.7350263911941147,4.482992173706054,4.41000244054636,2.2049999237060542,5.880000114440918,6.196206423706054,8.852585412765137,4.409999847412109,13.5,0.19620770729987946,2.5399999618530273,0.03680000081658364,0.8999999761581421,0.013100000098347664,0.16698381458372039,0.10872327039209187,0.1304347813129425,24.528635,0.1627907007932663,0.11627907305955885,0.8150945605381965,13.0,1.7540041776618958,0.0961538478732109,0.17307692766189575,-16.799999237060543,-0.24347826838493344,-0.5
6.9482785286102295,0.0,3.4298174181469725,7.78000020980835,2.2200000286102295,0.315636875,4.789061014305115,6.664999961853027,1.2454872143051146,8.624113614440919,0.4751584464695355,9.03256005722046,4.760544769281836,2.380000114440918,1.4299999475479126,7.361593114440918,6.224249970220459,1.9049999713897705,19.5,0.1858685107618225,2.049999952316284,0.019349999725818634,0.959999978542328,0.009050000458955765,0.34257233118911745,0.12279136036146318,0.15892536118911746,26.278585,0.12222222238779068,0.12222222238779068,1.0085639723877908,30.5,2.1040475336551667,0.12295082211494444,0.13114753365516663,-24.399999618530273,-0.19879893767536166,0.0
5.184218990463257,1.1349999904632568,2.379999185367432,2.2750000953674316,4.545000076293945,4.882746606293946,5.4257647953674315,5.679999828338622,4.692619206293945,5.94298577861023,0.5952299179352295,6.004335633242798,2.380247917955918,2.974999904632569,4.760000228881836,7.2415184046325685,5.9792350007651365,5.949999809265137,17.5,0.20782968634564664,2.5899999141693115,0.030500000342726707,1.1200000047683716,0.013150000013411045,0.39780227743686675,0.08259482081843338,0.1669613494840622,25.2356215,0.14772726595401764,0.07954545319080353,0.9067238159540176,20.5,1.872578833629608,0.08536585420370102,0.12195122241973877,-22.549999237060547,-0.2333712098145294,0.5
8.174247547683716,2.325000047683716,3.552697754536743,3.490000009536743,1.1649999618530273,4.855706335367431,8.042007009536743,6.9749999046325675,3.578940414536743,10.47771,3.210332836696973,7.6467354144409185,4.130150834100918,4.130000114440918,2.75,9.832329576293946,5.086848596293946,3.2100000381469727,17.0,0.15543438402519988,4.409999847412109,0.04010000079870224,1.5499999523162842,0.014100000262260437,0.2633789248947144,0.13215339253585695,0.1610860056381607,26.172908,0.1627907007932663,0.12790697813034058,1.212425873059559,33.5,2.5383529263739586,0.13432836532592776,0.15671642124652863,-22.25,-0.18211503808551788,0.0
6.7217190953674315,0.0,4.545529353743945,2.2750000953674316,3.410000085830689,3.410402280380689,4.594919490463257,4.545000076293945,4.545410717693946,8.21679377861023,0.000341190375,8.9231385,2.3456066951102295,3.125,3.125,6.243790442779541,6.28228299,5.46999979019165,12.5,0.1944752112472458,2.9800000190734863,0.0458500012755394,1.0449999570846558,0.016100000590085983,0.17804409667880097,0.10027315950511612,0.11538461595773697,25.55382465,0.1818181872367859,0.09090909361839294,0.9358102265954018,10.5,2.0220184716337206,0.1190476194024086,0.1428571492433548,-13.649999618530275,-0.20999999344348907,0.0
5.2613774381469725,0.0,3.3359863221469728,1.1100000143051145,1.1100000143051145,6.666149836953028,4.833238938146973,4.445000171661377,4.445940594711377,6.211555226293946,1.375360098025,4.367628538146972,3.6707006037439456,3.6700000762939458,4.130000114440918,5.239197538146973,4.1443298494409175,2.75,19.0,0.17397121293530277,7.71500015258789,0.07015000283718109,2.7699999809265137,0.025200000032782555,0.11991245723356246,0.13215124581585697,0.1409090906381607,24.0403228,0.15555556118488312,0.13333334028720856,0.4612718514901161,32.5,0.8955181942563057,0.13076923787593842,0.16923077404499054,-21.700000762939453,-0.19727273285388944,-0.5
4.1339515,1.1349999904632568,3.5163957758306887,4.545000076293945,1.1349999904632568,1.475809140463257,6.6262530858306885,3.410000085830689,5.8292089083386225,5.4596555,0.7958617702893004,6.454837528610229,3.9712631289102296,0.7950000166893004,2.380000114440918,7.532063452316283,3.9998562056102296,3.9700000286102295,12.0,0.1902172365,1.5950000286102295,0.024949999526143074,0.8000000119209291,0.012500000186264515,0.3921433,0.11019788055,0.126103175,25.302734,0.17045454680919644,0.1136363670229912,0.8542464031908036,10.0,1.849827,0.10000000149011612,0.125,-10.350000381469727,-0.12926749096046447,0.0
5.246784945367432,0.0,3.532198505830689,5.679999828338622,2.2750000953674316,3.815639135830689,3.447418190463257,6.820000171661378,2.4492381803674315,6.335070835830688,0.00066976425,4.196407685830689,3.615790065486743,3.615000009536743,4.215000152587891,3.7311853238418577,6.046397091867433,2.4100000858306885,12.0,0.14402614743598174,3.660000085830689,0.04360000044107437,1.1399999856948853,0.01360000018030405,0.3951821994024086,0.0898021269144516,0.1773208661951828,24.37451315,0.13636364042758942,0.125,0.6818233,20.0,1.340164901490116,0.05000000074505806,0.15000000596046448,-15.609999656677244,-0.14553184992279053,0.0
7.651676095367431,1.1649999618530273,4.650358910717432,3.490000009536743,5.815000057220459,2.325383577348716,5.826315509536743,3.490000009536743,3.4903347289667432,6.9518458950958255,0.7451579740033716,5.534808869073486,2.240140786986743,5.96999979019165,1.4950000047683716,6.147075645095825,4.501271456573487,2.984999895095825,12.0,0.1766759851032187,0.5950000286102295,0.008799999952316284,0.239999994635582,0.0035500000230968,0.12547568648,0.09573370708719543,0.14705882966518402,23.8975003,0.13953489065170288,0.12790697813034058,0.7019051906517029,12.5,1.353138651490116,0.03999999910593033,0.1599999964237213,-16.579999923706055,-0.2438235282897949,0.0
3.195522,1.1100000143051145,3.4738607981469727,4.445000171661377,1.1100000143051145,3.8185057881469726,2.48641135,3.3350000381469727,3.537720188146973,5.635039961853027,0.4702508801429071,6.63607095258789,4.246158415009082,0.4699999988079071,5.65999984741211,4.781718261853028,5.683097422412111,1.8849999904632568,20.5,0.19407212919784242,7.324999809265137,0.06844999641180037,2.75,0.025699999183416367,0.4645787007620621,0.10290875705512512,0.17781522123527524,25.05360675,0.13333334028720856,0.07777778059244156,0.7211872723877907,31.0,1.478570735996437,0.12096773833036423,0.12903225421905518,-20.5,-0.14072317922462466,0.0
5.462092152316284,1.0850000381469727,4.45755347463257,2.174999952316284,3.259999990463257,3.596278370463257,4.7326772023162835,4.349999904632569,4.499223394632569,7.721204614440918,1.350172855426858,4.6811205237060545,1.3500813774418579,6.079999923706055,4.054999828338623,4.814822023841858,4.078681016338623,4.054999828338623,12.0,0.16050866592372132,3.380000114440918,0.045049998909235,1.2050000429153442,0.016049999743700024,0.36758487028720854,0.1068359375495346,0.16335465528720855,25.6267338,0.14130434393882751,0.1195652186870575,0.7357145686870575,14.5,1.4922736528601646,0.08620689809322357,0.1551724076271057,-14.56999969482422,-0.1638185195016098,0.0
6.468464835830689,1.1349999904632568,3.435577905830689,2.2750000953674316,4.545000076293945,1.2194900604632568,4.654277345367431,2.2750000953674316,4.581412731293946,6.976913057220459,0.7350747136151148,6.983479130926513,1.4700342729352296,3.6749999523162837,2.940000057220459,6.1616263572204595,3.6973908573162837,6.619999885559082,13.5,0.19642510889987946,2.684999942779541,0.03889999911189079,1.0099999904632568,0.014600000344216825,0.21703597154979706,0.10876886383059188,0.13152750222901918,24.4451828,0.125,0.125,0.69855775,12.5,1.495660748807907,0.07999999821186066,0.119999997317791,-14.449999809265137,-0.20110087006956479,0.0
3.4060547404632566,0.0,2.3873072403674316,0.0,2.2750000953674316,6.066214858338622,4.041022295367432,4.545000076293945,5.842981488338622,6.329738388146973,0.6654645262776722,4.029476461853028,2.000483376265,2.6649999618530273,5.335000038146972,5.057039461853027,4.682059379353028,4.664999961853028,15.5,0.20462498738949741,2.375,0.03125,1.0950000286102295,0.014399999752640724,0.3975652892469406,0.1188427162415297,0.165578913,23.8167528,0.14772726595401764,0.07954545319080353,0.5510381,16.0,1.0716155,0.171875,0.125,-17.799999237060547,-0.1940872459827423,-0.5
6.285610514305115,0.0,3.430629618146973,1.1100000143051145,3.3350000381469727,4.762303671661377,7.362470538146972,6.664999961853027,3.4714445381469727,8.921131538146971,0.0,6.5816655286102295,2.085000038146972,3.4700000286102295,3.4700000286102295,8.92266602861023,4.896983458514403,4.164999961853027,14.5,0.19971041462955325,3.1700000762939458,0.04340000078082085,1.2999999523162842,0.01779999956488609,0.38051834541908264,0.09589102786541485,0.1478278890221405,26.635782,0.17777778208255768,0.06666667014360428,1.0922489723877908,14.0,2.3026962992433546,0.1428571492433548,0.1071428582072258,-15.899999618530275,-0.18648140681022646,0.0
6.6516547358306894,2.2750000953674316,2.3897686603674315,1.1349999904632568,2.2750000953674316,3.785089585830689,7.066843576293945,4.545000076293945,6.982505231661378,6.005289523841858,1.1506742444081421,5.973339445367431,1.1504030017581421,4.025000095367431,4.025000095367431,8.016037704632568,4.623345246632568,6.320000171661378,15.5,0.17797701433490296,4.355000019073486,0.049449998885393136,1.7250000238418581,0.019600000232458115,0.4331619295724106,0.09723225948160706,0.16148996,24.5905105,0.1818181872367859,0.1136363670229912,0.7098141765954018,22.0,1.5227447968091965,0.07954545319080353,0.14772726595401764,-17.700000762939453,-0.16459185553287506,0.5
7.141336085830689,1.1349999904632568,3.508808605830689,1.1349999904632568,2.2750000953674316,3.713725955830689,9.724043371661377,3.410000085830689,4.680955096293945,8.661440019073487,0.7457559282183716,6.723122819073486,1.4955690947683715,2.240000009536743,3.7300000190734863,9.90395999019165,3.7560807225734862,4.480000019073486,12.5,0.18545860947208404,0.9200000166893004,0.013500000350177288,0.2450000047683716,0.003599999938160181,0.360129629665184,0.13310669183878174,0.14435288676179886,24.9800973,0.14772726595401764,0.125,0.823786,12.0,1.7035161783662796,0.1458333283662796,0.1041666641831398,-16.950000762939453,-0.2221342197008896,0.0
7.472853538146973,0.0,6.664999961853027,4.445000171661377,1.1100000143051145,3.3350000381469727,6.554485788146973,5.554999828338623,1.1100000143051145,7.043648042915344,0.5249999761581421,7.752515866485597,4.210000038146973,1.0549999475479124,4.735000133514403,7.5183565858306896,5.2947838939855965,3.684999942779541,17.5,0.18336826703282777,6.199999809265137,0.06459999829530716,2.359999895095825,0.024550000205636024,0.1666774690257204,0.0989583358168602,0.1197916641831398,25.8073415,0.14444445073604584,0.12222222238779068,0.8978977223877906,25.5,1.9126486636022568,0.0784313753247261,0.11764705926179884,-15.5,-0.1614583283662796,0.0
3.8495614904632567,0.0,4.673189146293946,2.2750000953674316,3.410000085830689,2.6939805753674317,5.521669385830689,4.545000076293945,4.726559696293945,5.508174202316284,0.00023097929,5.47659422861023,3.205401988606054,2.565000057220459,1.924999952316284,4.786086102316284,5.149685336440918,3.8450000286102295,12.0,0.1543466829196472,1.4249999523162842,0.018050000071525574,0.574999988079071,0.007249999791383744,0.4394501768209457,0.06985035140557863,0.1545653863409996,24.1700568,0.17045454680919644,0.06818182021379471,0.6452772404275894,17.5,1.2607894358091354,0.0714285746216774,0.08571428805589676,-15.265000343322756,-0.15261962995014192,0.0
2.17742325,2.380000114440918,2.487847899440918,2.380000114440918,9.524999618530273,5.126188778881836,4.073738314440918,2.380000114440918,2.535573139440918,6.113448159536743,0.925021195152929,5.938796764440918,2.7800687839047704,2.7799999713897705,2.315000057220459,5.9992506737060545,3.7209212937060543,4.630000114440918,14.5,0.13492595160710755,17.78499984741211,0.16314999759197235,5.5,0.050450000911951065,0.3990632430978775,0.11471561508359635,0.15227571696359635,12.74115515,0.1136363670229912,0.06818182021379471,0.6128874531908035,43.5,1.0689757970809937,0.126436784863472,0.09195402264595033,-16.600000381469723,-0.11498168479026032,0.5
11.658842461853027,1.1100000143051145,5.618480853338623,4.445000171661377,10.0,2.4359198286102295,7.221302038146973,3.3350000381469727,3.4266480131469725,10.852800364440917,1.5950492020302296,8.322469471661377,4.255000114440918,7.445000171661378,2.6600000858306885,10.04601034741211,4.290179604440918,3.724999904632569,15.5,0.16415603119197236,6.619999885559082,0.06970000267028807,2.390000104904175,0.025200000032782555,0.28267744181236265,0.13689654053436265,0.1854598337074051,26.4897705,0.1111111119389534,0.15555556118488312,1.124525342531395,25.0,2.2443434964237214,0.119999997317791,0.14000000059604645,-25.850000381469727,-0.25001889158462526,-0.5
6.287262114440917,0.0,3.6683938182427984,2.380000114440918,4.760000228881836,6.277516859265137,5.420394414440918,7.144999980926514,3.7105875032427984,9.430871480926513,1.2200512868332294,5.399022102316284,4.269999980926514,4.269999980926514,4.269999980926514,6.556365057220459,5.517749601118164,6.0999999046325675,15.0,0.18131293620079955,2.0,0.02410000003874302,0.6000000238418579,0.007249999791383744,0.37932778763988495,0.1325929345253766,0.16510478049537658,24.122272,0.1666666716337204,0.09523809701204301,0.8869658104385376,20.5,1.77685880796299,0.17073170840740204,0.10975609719753265,-22.545000076293945,-0.23911300227546692,0.5
9.583139178338623,0.0,4.545551674193946,1.1349999904632568,4.545000076293945,1.1354239897932568,6.446692685830689,3.410000085830689,4.545432683043945,9.273624885559082,0.00034479235,7.641155576293945,1.1754001882162841,3.5299999713897705,1.7649999856948853,6.4662190190734865,4.732962858706054,4.119999885559082,17.0,0.1989100739529953,1.7350000143051145,0.02019999921321869,0.8050000071525574,0.009349999949336052,0.13453677359102173,0.11074803591887773,0.12209302186965942,25.1196475,0.13636364042758942,0.13636364042758942,0.8450933670229912,21.0,1.759350388048172,0.0833333358168602,0.130952388048172,-20.049999237060547,-0.2331395298242569,-0.5
4.254567840463257,2.2750000953674316,8.060055283706054,4.545000076293945,4.545000076293945,1.474717020463257,8.107272828338623,4.545000076293945,1.2830559154632568,6.2948999523162845,2.1750731367412843,7.670375326293946,4.350008128406569,4.349999904632569,1.450000047683716,9.082317076293945,4.372213827632569,1.450000047683716,12.5,0.17886503810910645,5.304999828338623,0.07580000162124634,2.434999942779541,0.03480000048875809,0.34786507992433546,0.12864892796413543,0.18936481267757416,24.4930563,0.13636364042758942,0.125,0.743710056381607,13.0,1.378571929788685,0.13461539149284366,0.1538461595773697,-17.450000762939453,-0.21689242783817292,0.0
4.1145895,0.0,0.0,0.0,2.630000114440918,10.524999618530273,3.2009952,2.630000114440918,10.524999618530273,7.811596614440918,0.7950000166893004,7.2333385788818365,1.5850000381469727,3.1749999523162837,5.554999828338623,6.713716614440918,3.9996971236102294,4.760000228881836,12.0,0.1875,1.3200000524520874,0.020649999380111694,0.41499999165534973,0.00650000013411045,0.171875,0.09375,0.125,13.2893845,0.22499999403953552,0.02500000037252903,0.89636015,22.0,1.8640502659540177,0.125,0.125,-13.649999618530275,-0.21328124403953552,-0.5
9.569456728881836,1.190000057220459,4.779520511381836,5.949999809265137,4.760000228881836,1.257026207220459,3.7425108,3.5699999332427983,4.788312788881836,9.803054047683716,0.8600000143051147,7.201472292779541,5.170000076293945,6.03499984741211,1.7250000238418581,5.0660115,3.483976367683716,4.309999942779541,9.0,0.15255746109808405,3.7899999618530273,0.06424999982118607,1.149999976158142,0.019500000402331352,0.14673944166894914,0.11016949266195297,0.17648547846472168,24.842993,0.1190476194024086,0.130952388048172,1.0678062716337204,8.5,2.0659272296308995,0.05882352963089942,0.1764705926179886,-13.050000190734865,-0.21426239216332243,0.0
8.070617171661377,2.2200000286102295,6.792350651853027,2.2200000286102295,4.445000171661377,2.6565962786102295,9.485971961853027,2.2200000286102295,6.849367931853028,9.708498076293946,1.6408088721448852,8.734276078338622,3.2809599675897707,4.099999904632569,2.4600000381469727,9.559566771118163,4.125686917632569,4.920000076293945,9.0,0.14662870496741334,3.630000114440918,0.05855000019073486,1.2999999523162842,0.02095000073313713,0.43880750099643706,0.1538405105857086,0.17493772921905518,25.39709185,0.15555556118488312,0.15555556118488312,0.8013315723877906,8.5,1.6305836592617988,0.14705882966518402,0.14705882966518402,-14.100000381469725,-0.18203337147212983,-0.5
3.37458775,1.1349999904632568,1.246347760463257,2.2750000953674316,2.2750000953674316,2.635537345367432,4.900496095367432,4.545000076293945,6.977009491661378,5.791462538146972,0.6652342485476721,4.693540111853027,2.6652336049430274,2.0,2.6649999618530273,6.221390461853027,6.0240296835,4.664999961853028,13.5,0.17915129452532047,2.7300000190734863,0.03590000048279762,1.190000057220459,0.01565000042319298,0.4059719155679321,0.08576854712801699,0.13309920205553818,24.69685365,0.17045454680919644,0.07954545319080353,0.7232703436183929,16.0,1.5485666,0.09375,0.109375,-15.100000381469725,-0.1641404480456543,-0.5
8.121076361853028,1.1100000143051145,4.584036096661377,2.2200000286102295,7.78000020980835,4.902213471661377,4.467505238146972,3.3350000381469727,3.532484053146973,7.2265827783386225,2.2754280439674317,4.664839511853027,5.305407108588623,6.820000171661378,3.0299999713897705,4.56540547138977,3.0405468793897703,2.2750000953674316,12.5,0.18745469647040866,4.920000076293945,0.0734499990940094,1.940000057220459,0.028950000181794163,0.4168455641643524,0.1496541526055542,0.21648879682731628,23.664051,0.12222222238779068,0.14444445073604584,0.4506352120825577,11.0,0.6753962202137948,0.15909090638160706,0.15909090638160706,-16.200000762939453,-0.1969513247052765,-0.5
7.955493547683716,0.0,1.2119124198530273,0.0,2.325000047683716,5.963662727220459,9.031522095367432,8.140000343322754,3.555494034536743,9.023291038146972,0.0,4.970076788146972,0.0,1.5850000381469727,7.934999942779541,9.90158677861023,9.564609753530274,3.1749999523162837,10.5,0.16454878327575836,6.434999942779541,0.10055000334978104,2.549999952316284,0.03985000029206276,0.27490997500000003,0.0859375,0.14634103,25.998721500000002,0.1627907007932663,0.10465116053819658,1.1827047281303407,10.5,2.540382894024086,0.04761904850602151,0.1428571492433548,-9.850000381469727,-0.1401758819604645,0.0
5.1030085,4.760000228881836,2.380746635540918,0.0,9.524999618530273,9.526234482630274,8.731266228881836,4.760000228881836,4.760800712881836,9.77283947138977,4.545072545818945,7.108058711853028,5.050018309291863,6.059999942779541,4.039999961853027,8.91061608583069,4.580625418793946,2.5250000953674316,18.5,0.1851523434141858,3.9449999332427983,0.03945000097155571,1.184999942779541,0.011850000359117985,0.121166531317791,0.14007396316604645,0.17000194310273933,15.076598,0.15909090638160706,0.09090909361839294,1.1603200531908036,39.0,2.2389835099295614,0.1538461595773697,0.16025641560554504,-27.0,-0.2699964971381861,-0.5
13.733945,0.0,12.583406215,0.0,0.0,5.258865565,19.851187,5.0,5.115295835,10.596886895095825,0.4702098058579071,8.46292015258789,3.775000095367431,7.074999809265137,2.359999895095825,10.343469095367432,3.3435590073162835,1.8849999904632568,18.0,0.16934145532056732,9.335000038146973,0.08720000088214874,3.599999904632569,0.033649999648332596,0.2743434696911812,0.11237821323406903,0.2051382345401001,15.480192500000001,0.2380952388048172,0.2142857164144516,1.2152123985060215,43.0,2.6600627865297795,0.0872092992067337,0.21511627733707428,-27.299999237060547,-0.23183612735614015,0.5
4.799510490463257,1.1349999904632568,2.3280813603674315,2.2750000953674316,1.1349999904632568,5.858169658338622,3.986254690463257,4.545000076293945,3.4861070308306887,5.600378490463257,0.7604112651132569,4.477725745367431,2.2755936425174315,1.5149999856948853,5.304999828338623,4.620746990463257,3.8158475178530273,4.545000076293945,11.5,0.17301923456713408,2.255000114440918,0.033649999648332596,0.8799999952316284,0.013100000098347664,0.2778220562465286,0.06755738318296386,0.12271436666435243,24.9279765,0.1818181872367859,0.07954545319080353,0.7886823765954017,11.5,1.637847798610592,0.043478261679410934,0.10869564861059187,-13.149999618530275,-0.17816743431032564,0.5
5.311891614440918,0.0,7.989564635926514,5.264999866485597,7.894999980926514,2.943013429440918,7.350860116485597,5.264999866485597,0.13472508,5.838998102316284,0.0003421154,7.931688671661378,4.600865757482568,5.744999885559082,2.875,7.995569226293945,4.044477896867431,1.7250000238418581,17.0,0.1947015466810318,5.269999980926514,0.05990000069141387,2.1949999332427983,0.024949999526143074,0.33889468,0.13101673236321412,0.18450895861839295,12.144346,0.10000000149011612,0.125,0.6776674970197678,34.0,1.2506829481887818,0.13235294818878174,0.14705882966518402,-23.350000381469727,-0.2342959344606781,-0.5
8.897640680926514,1.0850000381469727,3.3710337204632568,2.174999952316284,10.869999885559082,2.5587864023162843,5.109763490463257,3.259999990463257,0.16156204,8.309352576293946,0.574999988079071,7.174246535559082,1.725207033241858,6.320000171661378,3.4500000476837163,6.529543395367431,5.186973178793945,2.299999952316284,15.0,0.17196553120503236,7.434999942779541,0.08449999988079071,2.684999942779541,0.030500000342726707,0.3827914,0.13636364042758942,0.19956782838160705,24.900475,0.06521739065647125,0.14130434393882751,0.6520703845952988,21.0,1.182380144024086,0.130952388048172,0.1071428582072258,-21.360000610351566,-0.20267974216308593,0.0
9.902246076293945,0.0,5.782721808338622,2.2750000953674316,2.2750000953674316,1.4838637104632568,8.713913076293945,3.410000085830689,2.4231928953674315,12.0778795,0.0,9.885794161853028,4.164999961853027,4.164999961853027,0.8349999785423279,9.808591461853027,4.202520096853028,1.6649999618530273,11.5,0.1893559730765579,7.614999771118164,0.12484999746084215,2.900000095367431,0.047550000250339515,0.33379609769195556,0.15573769807815552,0.17517262709655,26.280141,0.10227272659540178,0.14772726595401764,1.1284144,8.5,2.3241876963089942,0.1764705926179886,0.1764705926179886,-10.649999618530273,-0.13902438788345337,-0.5
6.780675114440918,0.0,2.380981765790918,4.760000228881836,0.0,2.381139306340918,5.803981314440918,4.760000228881836,2.380930322240918,8.442252114440919,0.6603638232260437,6.590213933242799,1.315304714970459,3.2899999618530273,4.605000019073486,9.900683366485596,4.636108610573486,4.605000019073486,14.5,0.1893232934910141,4.324999809265136,0.056200001388788216,1.7949999570846558,0.023299999535083767,0.15718555157372435,0.12370967224605865,0.11038961261510848,14.51650025,0.09090909361839294,0.15909090638160706,0.8925132202137948,27.5,2.018068837236786,0.1090909093618393,0.12727272510528564,-18.850000381469727,-0.2448052018880844,-0.5
7.832434585830688,2.2750000953674316,4.656262146293946,1.1349999904632568,9.09000015258789,1.4951026404632568,7.986067776293945,1.1349999904632568,0.1568179,8.342047,1.6652851203680274,7.658537,1.6651066816530273,8.335000038146973,1.6649999618530273,8.825284461853027,0.8661069460423279,0.0,7.0,0.1161796271542328,11.904999732971193,0.1951500028371811,3.9700000286102295,0.06509999930858612,0.31311523682758335,0.13144577525516662,0.19844774951953886,25.533466,0.07954545319080353,0.13636364042758942,0.9874447063816071,8.5,1.8749232648154497,0.11764705926179884,0.1764705926179886,-8.305000305175781,-0.10152425628795624,0.5
4.363114214440918,0.0,3.706886113242798,0.0,2.380000114440918,4.015510263242798,5.112681033242798,4.760000228881836,3.763456448242798,4.313183902452087,0.00040282365,5.426727533514404,0.8458448439102295,1.6950000524520874,4.235000133514404,4.630027311853027,5.944161818338622,3.390000104904175,10.5,0.17641411201976775,3.0750000476837163,0.051199998706579215,1.269999980926514,0.021150000393390656,0.43935519028720854,0.10869590815674408,0.14284338449011613,22.58502485,0.130952388048172,0.1190476194024086,0.466697877012043,9.0,0.9661638955116272,0.0833333358168602,0.1111111119389534,-7.6500000953674325,-0.0844572176158142,0.0
8.42387,2.5,0.0421871,5.0,5.0,2.64512317,4.609684,2.5,0.0612113925,12.05156040463257,2.1152684231367433,5.676243309536743,2.115189456351743,2.815000057220459,3.5199999809265137,9.055426057220458,2.156422524536743,3.5199999809265137,13.5,0.18865496445,1.399999976158142,0.019449999555945393,0.5350000262260437,0.0074499999172985545,0.2155373172441864,0.12525385225,0.1265229069389534,15.232624000000001,0.04761904850602151,0.09523809701204301,1.299878494024086,25.5,2.619435829665184,0.13725490868091586,0.0784313753247261,-19.600000381469727,-0.2570165638976746,0.5
7.397399576293946,0.0,3.410000085830689,1.1349999904632568,3.410000085830689,3.410000085830689,4.493809095367432,5.679999828338622,5.679999828338622,7.215027797683716,0.0,6.024474642779541,1.7250000238418581,3.4500000476837163,3.4500000476837163,4.729180023841858,6.9155435159265135,6.03499984741211,8.5,0.1447146954480835,4.610000133514403,0.07814999669790268,1.7549999952316284,0.02975000068545341,0.17796610295772552,0.10169491916894913,0.12711864709854126,24.2804825,0.17045454680919644,0.1136363670229912,0.65960465,7.5,1.3896873529802323,0.06666667014360428,0.13333334028720856,-8.399999618530273,-0.14237287640571594,0.5
5.632649888146973,0.0,3.4540559281469725,1.1100000143051145,1.1100000143051145,7.058786861853028,4.00767912861023,4.445000171661377,5.724442808338623,8.080363576293944,0.915684525507672,5.966007038146972,1.3758190574,4.130000114440918,4.130000114440918,5.631630538146973,3.2260699931469725,3.2100000381469727,19.5,0.17858457775423278,6.954999923706055,0.06324999779462814,2.7750000953674316,0.02525000087916851,0.40043257531585696,0.1414279038881607,0.16192967989471435,24.33543275,0.1666666716337204,0.12222222238779068,0.5301334014901161,32.5,1.0665719587239266,0.1538461595773697,0.13846154510974884,-21.450000762939453,-0.15587430084744267,-0.5
3.21531775,1.1649999618530273,2.4235500476837157,2.325000047683716,2.325000047683716,3.8192354595367433,5.991317759536743,4.650000095367432,8.281051963322755,5.0799804785423275,0.8350178178933279,3.597708561853027,1.6649999618530273,2.5,4.164999961853027,5.88718365,5.0230000465,8.335000038146973,12.0,0.19805078232340395,3.5,0.05734999850392342,1.2599999904632568,0.02070000022649765,0.39581161596092224,0.08199314462576944,0.13949921668275833,24.070233,0.1860465109348297,0.08139535039663315,0.7071679105381966,9.0,1.4801350455116271,0.0833333358168602,0.1111111119389534,-11.460000038146973,-0.1549702064430313,-0.5
2.6714718404632567,0.0,8.066498308706056,1.1349999904632568,4.545000076293945,2.6431182603674315,8.014792321661378,4.545000076293945,1.2936265004632568,2.8716258786102293,0.000172439175,7.703313009808349,0.8456813576102294,3.390000104904175,2.5399999618530273,7.5490003283386224,5.096292331646972,0.8450000286102295,10.5,0.17603379361976776,1.3350000381469727,0.02225000038743019,0.4650000035762787,0.00774999987334013,0.38500519028720853,0.11669177336087205,0.16119445,23.22893,0.14772726595401764,0.125,0.4130436,8.0,0.7342978,0.09375,0.125,-12.149999618530275,-0.16626370059604645,0.5
5.094348095367431,2.2750000953674316,5.8043430083386225,3.410000085830689,3.410000085830689,2.6766523953674315,9.013640871661378,3.410000085830689,1.310113755463257,5.113832485694886,2.7801020902697706,7.9448445,2.0852470416469724,2.7799999713897705,2.085000038146972,9.2225673,2.7999281733897705,2.7799999713897705,13.5,0.18650768958721925,2.5350000858306885,0.034699998795986176,1.0399999618530273,0.0142000000923872,0.4204764490919876,0.12345223601431199,0.1548762140221405,24.25304865,0.125,0.14772726595401764,0.6531535,14.5,1.3488316461864471,0.08620689809322357,0.1034482792019844,-17.75,-0.20462868625724795,-0.5
1.8175895,0.0,5.049469728,2.5,10.0,2.66544302,1.4139303,7.5,0.07072588,7.139935471118164,0.8605784694051147,5.832229271118164,3.4506345402337164,4.309999942779541,1.7250000238418581,5.795025714440918,4.3229164667795414,2.1549999713897705,19.0,0.1633253833979248,8.090000152587889,0.06915000081062317,3.109999895095825,0.026550000533461567,0.2234494319389534,0.14577988913980255,0.14515104706350707,11.9525484,0.09523809701204301,0.0714285746216774,0.530793044024086,48.0,0.8728661858168602,0.1614583283662796,0.1145833358168602,-22.850000381469727,-0.1784760320595703,0.5
9.401936054632568,2.325000047683716,4.650000095367432,0.0,4.650000095367432,1.1649999618530273,7.702870707220459,0.0,1.1649999618530273,8.063602633514403,1.3899999856948853,6.318754433514403,0.6953751206974427,7.639999866485597,3.4700000286102295,8.111080628338623,2.7974385693897705,4.164999961853027,13.5,0.18628642823721925,9.850000381469727,0.13490000367164612,3.3199999332427983,0.045499999076128,0.12373141449431199,0.123287670314312,0.17123287916183472,23.44024835,0.08139535039663315,0.151162788271904,0.5943575406517029,15.0,1.1955976873069762,0.0833333358168602,0.21666666865348816,-16.950000762939453,-0.2321917861700058,0.0
4.0491855,0.0,2.8403738288897706,8.335000038146973,2.7799999713897705,0.20296024,3.150037,5.554999828338623,0.086643865,9.086373009536743,0.935135478534186,5.703893980926514,3.2708004042265135,5.139999866485597,2.3350000381469727,6.136060004768372,3.7688824845367432,3.2699999809265137,17.5,0.1639113496226425,16.690000534057617,0.1545500010251999,5.789999961853027,0.0535999983549118,0.25396904880910876,0.11587360310910874,0.1735447291220932,12.736374,0.052631579339504235,0.15789473056793213,0.8901981020740509,44.5,1.8184352321414947,0.10674156993627547,0.15730337798595428,-18.549999237060547,-0.1511934511810074,0.5
9.493430595367432,1.1649999618530273,3.490335680986743,1.1649999618530273,4.650000095367432,4.650051649992432,8.417863845367432,4.650000095367432,3.490175095086743,10.559473461853027,0.8353465999923279,7.076247711853027,2.50075056095,4.164999961853027,5.0,10.101392749999999,4.1996272268530275,3.3350000381469727,10.0,0.16541039338298644,3.9449999332427983,0.06464999914169313,1.5349999666213991,0.0251499991863966,0.12389570226494444,0.13950031093655,0.14754098653793335,25.37150835,0.12790697813034058,0.13953489065170288,1.0586271382719041,9.0,2.1316121119389533,0.1388888955116272,0.1388888955116272,-12.5,-0.2049180269241333,0.0
4.905712357220459,0.0,6.510432178881836,3.190000057220459,7.445000171661378,2.5345824344409182,5.589245214440918,3.190000057220459,1.2415228772204592,4.4389143023162845,0.00023553015,6.826035576293945,5.070109369561377,7.244999885559082,2.900000095367431,5.4351872,4.3624774591325695,0.7250000238418579,11.0,0.158601838383786,7.820000171661378,0.11174999922513963,2.6700000762939458,0.03815000131726265,0.3856305082072258,0.12167708679144515,0.21730565282890318,24.8718798,0.10638298094272614,0.13829787075519562,0.4918059255676651,11.5,0.8240304986105919,0.08695652335882187,0.19565217196941376,-14.199999809265137,-0.1640897867263794,0.0
6.8306615,2.5,10.048160173,5.0,0.0,0.163994925,13.36905335,2.5,5.06946118,9.883316461853028,2.7804980017397707,8.157917828338622,6.020773051476514,5.09499979019165,1.3899999856948853,8.727178961853028,2.8107914363897706,1.3899999856948853,18.0,0.1684829564950882,28.309999465942386,0.25975000858306885,9.510000228881836,0.0872500017285347,0.2030731340609932,0.170141165240889,0.1686981395978775,13.961216199999999,0.1666666716337204,0.19047619402408603,0.8826123746216774,44.0,1.8805783829770089,0.16477273404598236,0.17045454680919644,-19.649999618530273,-0.16320086259980773,-0.5
10.016025828338623,0.0,4.635690801293945,4.545000076293945,7.954999923706055,2.5754175203674317,5.648575595367431,5.679999828338622,3.539062685830689,13.1021535,0.0010870246,7.525968576293945,4.921259331293945,8.194999694824219,2.4600000381469727,6.208270485694885,5.770491126118164,2.4600000381469727,10.0,0.16311200742859497,13.345000267028807,0.2152000069618225,5.03499984741211,0.08124999701976776,0.31762669744167327,0.15410102823570862,0.1996129191130905,25.46442485,0.125,0.14772726595401764,0.9821813968091965,9.0,1.8927309358168602,0.1666666716337204,0.1666666716337204,-13.199999809265137,-0.18277578238237,0.0
4.9894735,0.0,0.070749505,2.380000114440918,4.760000228881836,7.370657355926514,3.8821305,2.380000114440918,0.098995715,8.675788038146973,0.00059576345,9.249004,2.0855314624469723,1.559999942779541,2.6050000190734863,9.421446961853027,1.595045887779541,6.25,18.5,0.19295379541405638,1.690000057220459,0.017400000244379044,0.4449999928474426,0.004550000187009573,0.32639549802127843,0.10365253704938279,0.10879673625188828,14.9864838,0.09090909361839294,0.022727273404598236,1.1161618372367859,37.5,2.275423827770233,0.12666666507720944,0.0599999986588955,-32.904998779296875,-0.31786477212425235,0.5
4.5978901144409186,3.5699999332427983,4.760000228881836,2.380000114440918,4.760000228881836,4.760000228881836,6.485110528881836,3.5699999332427983,2.380000114440918,4.376921047683716,2.174999952316284,4.9580251,2.174999952316284,4.349999904632569,4.349999904632569,7.405873671661377,2.9160690773674314,7.244999885559082,13.0,0.185699999332428,1.5399999618530273,0.02199999988079071,0.6549999713897705,0.009349999949336052,0.16428571939468384,0.11428571492433548,0.13571429252624512,22.7734672,0.130952388048172,0.1428571492433548,0.5585879242433548,14.0,1.1391897664144515,0.0714285746216774,0.125,-14.850000381469725,-0.21214285492897034,0.0
9.702715228881836,1.190000057220459,4.787187723881836,3.5699999332427983,3.5699999332427983,2.468661414440918,6.226143814440918,2.380000114440918,2.418449649440918,11.615185038146972,0.8452118318552295,8.056366038146972,2.5401569064730274,5.085000038146972,2.5399999618530273,7.746788961853027,3.424552714904175,1.6950000524520874,10.0,0.16735118788434447,1.4650000333786009,0.024399999529123306,0.5699999928474426,0.009499999694526196,0.1857764425,0.14186129982325593,0.12532101966337206,24.94878,0.130952388048172,0.1428571492433548,1.0327463582072258,9.0,2.1739691119389533,0.1388888955116272,0.1388888955116272,-12.899999618530275,-0.20633116557627867,-0.5
8.0657885,0.0,7.61714235,2.5,10.0,2.8944337,9.885291800000001,5.0,0.168177785,6.659555895095825,0.0006001613,7.0576962025878895,2.1756236092662844,5.6500000953674325,4.349999904632569,7.145338311853028,5.671550550367432,4.78499984741211,20.0,0.17401435551118163,5.800000190734863,0.05000000074505806,2.2899999618530273,0.019750000908970836,0.4223853576271057,0.10393485272698441,0.19980619471752165,12.949444,0.1428571492433548,0.1428571492433548,0.7406961716337204,47.5,1.4372162305679321,0.09473684430122375,0.15789473056793213,-25.70000076293945,-0.18147231122882845,0.5
8.74821252861023,0.0,3.335291557646973,3.3350000381469727,4.445000171661377,5.555511111638623,8.414915038146972,7.78000020980835,2.2203200859102297,10.454696042915344,1.0005796e-05,10.629654923706054,3.6606362279306888,3.660000085830689,4.880000114440918,12.366481271118165,6.750680550706055,2.440000057220459,13.5,0.16363863787927402,8.024999618530273,0.09664999693632123,2.615000009536743,0.03150000050663948,0.16373348187572173,0.1325427472503766,0.1325307978364766,27.715723,0.14444445073604584,0.12222222238779068,1.378122411184883,19.0,2.9087990239629744,0.14473684132099152,0.10526315867900847,-11.899999618530275,-0.1433711170803828,0.0
4.709323971389771,2.7799999713897705,5.558004846538623,2.7799999713897705,8.335000038146973,0.0024619265,4.27993657138977,2.7799999713897705,0.0023814107,5.824684621389771,2.4618506337469728,5.258427004632569,4.922059682443945,3.2799999713897705,2.4600000381469727,5.31257222138977,2.474062673146973,0.8199999928474426,9.5,0.15610048922032627,13.079999923706055,0.21095000207424164,4.764999866485597,0.07680000364780426,0.07630483849821854,0.14661149829643705,0.16129031777381897,11.04248605,0.052631579339504235,0.1315789520740509,0.571620117358017,21.5,0.8856437503966331,0.151162788271904,0.13953489065170288,-10.199999809265137,-0.1645161360502243,-0.5
7.088746309536743,1.1649999618530273,2.405066037683716,3.490000009536743,8.140000343322754,3.7543613595367433,3.9651164618530275,6.9749999046325675,4.763901510367432,8.088816038146973,0.5554366783025574,3.8280873118530274,2.2205871020102297,5.554999828338623,3.890000104904175,5.456750961853027,5.025278352,4.445000171661377,17.5,0.1943422250972458,3.5950000286102295,0.03954999893903732,1.6050000190734863,0.017650000751018524,0.32368913424335477,0.08831989842269974,0.17464054541036225,24.37525175,0.151162788271904,0.10465116053819658,0.8483219984134674,24.0,1.6372089716337204,0.0729166641831398,0.125,-20.450000762939453,-0.19847814723176574,0.0
4.66709425,0.0,0.048531275,7.5,5.0,2.66150734,1.68519915,7.5,0.069318035,5.563636323706055,0.000131041755,4.007270573706054,2.7050943147560544,2.7049999237060542,2.7049999237060542,4.307797445367432,5.42090236780835,1.350000023841858,12.5,0.1691000354343445,2.6600000858306885,0.03545000031590461,1.0700000524520876,0.01425000000745058,0.2170689092495346,0.10013209517511612,0.16285258590488433,12.23329165,0.0714285746216774,0.1190476194024086,0.5967837440240861,27.0,1.0237606231298446,0.09259258955717087,0.12962962687015536,-12.949999809265137,-0.15652298189190675,0.5
6.210710538146973,1.0850000381469727,6.521060440126513,2.174999952316284,5.434999942779541,2.1762075548662843,8.33827520463257,4.349999904632569,1.0859499124969727,8.496102523841857,0.8603826642801148,8.251279826293946,2.5857255961469727,5.170000076293945,1.7250000238418581,8.849463047683717,5.2059862687939455,0.8600000143051147,10.0,0.17110182102427982,1.0599999427795408,0.017950000241398808,0.3700000047683716,0.0062500000931322575,0.10362095886894913,0.11037832689195297,0.1525423675775528,27.0953165,0.1195652186870575,0.1195652186870575,1.1120672565647125,6.5,2.1775630398943426,0.07692307978868484,0.1538461595773697,-14.800000190734865,-0.25084745883941645,-0.5
3.50430275,1.190000057220459,5.950318452165137,1.190000057220459,11.904999732971193,4.760488265511836,6.296174283242799,8.335000038146973,1.190332428290459,6.036764966621399,0.7050230435206996,7.7414123788818365,1.4106254887213991,8.449999809265137,4.929999828338623,7.2110794809265135,5.660022906881836,1.4099999666213991,11.0,0.15474148360343326,5.204999923706055,0.07225000113248825,1.8550000190734863,0.02580000087618828,0.1192756312441864,0.0972524928509068,0.2013888955116272,23.801086,0.130952388048172,0.09523809701204301,0.8827683776096344,15.0,1.5618623514901162,0.10000000149011612,0.1666666716337204,-13.899999618530275,-0.19305555522441864,0.0
5.160740357220459,0.0,14.827347598706055,2.940000057220459,0.0,3.352146457220459,13.491573943322756,5.880000114440918,6.055647594440918,3.993544557220459,1.0658517992704593,8.779077421661377,4.256018650240918,4.255000114440918,4.255000114440918,7.659044671661377,4.271379019440918,3.190000057220459,7.5,0.1575890472,8.159999847412111,0.17000000178813934,2.6949999332427983,0.05609999969601631,0.4250188033662796,0.1048041943331398,0.2192829213662796,10.7762637,0.2222222238779068,0.1666666716337204,0.4995488858168602,15.0,1.0255894014901161,0.06666667014360428,0.2333333343267441,-7.699999809265137,-0.11842859269302368,-0.5
2.8828318,0.0,5.0835097,2.5,2.5,2.7727317,4.74262475,2.5,2.61806005,3.807018,0.0008656861,9.522510511853028,2.5958712460602293,3.244999885559082,2.5950000286102295,9.533237235559081,2.6154094086102293,5.84499979019165,12.0,0.1563916035769577,4.59000015258789,0.0588500015437603,2.0199999809265132,0.02590000070631504,0.3663672486900711,0.11608998745773697,0.12948329390138624,12.8035675,0.1428571492433548,0.09523809701204301,0.635033597012043,28.5,1.3957311001276016,0.12280701845884325,0.10526315867900847,-11.899999618530275,-0.1257200798717346,0.5
3.79324985,0.0,2.380040451790918,4.760000228881836,4.760000228881836,2.380059988455918,2.9516537,4.760000228881836,4.1639185e-05,7.676150461853028,4.43666e-06,7.615404538146972,4.0,4.0,3.3350000381469727,6.660559461853028,6.691618491853028,2.6649999618530273,16.0,0.210562202132654,2.994999885559082,0.03945000097155571,1.309999942779541,0.01720000058412552,0.1184813704495297,0.1250051403205,0.15131579339504242,14.03076435,0.04545454680919647,0.1136363670229912,0.8695090063816071,27.0,1.731213899251938,0.12962962687015536,0.14814814925193784,-23.75,-0.3125,-0.5
3.35431625,0.0,2.297019297316284,4.349999904632569,10.869999885559082,2.585872977316284,4.784224252316284,8.694999694824219,2.350282052316284,5.538048514305115,0.5551340319925574,5.9061119549041745,5.000359434985,8.335000038146973,1.6649999618530273,6.313465971389771,5.0240808765,2.7799999713897705,17.5,0.1944353932472458,5.644999980926514,0.062049999833107,2.3550000190734863,0.02590000070631504,0.39418766595773697,0.11002884566572953,0.21753707024539945,14.681442,0.125,0.1041666641831398,0.8160424,33.5,1.5110198019547463,0.11194030195474625,0.17164179682731628,-19.649999618530273,-0.17436135546455386,-0.5
4.888301,0.0,0.08439005,4.545000076293945,9.09000015258789,7.0790774516613775,3.8035485,6.820000171661378,0.11610329,10.926996790191652,0.0,5.78363202861023,2.440425323820459,5.690000057220459,3.660000085830689,8.3998275,4.914440734440918,5.28499984741211,23.0,0.18616980764688415,8.289999961853027,0.06684999912977217,3.0199999809265137,0.0243500005453825,0.31528299833927154,0.11693548411130905,0.1753202063357086,15.4059945,0.06521739065647125,0.043478261679410934,1.176418862625885,50.5,2.188427351927757,0.1336633712053299,0.12871287763118744,-28.399999618530273,-0.2062769196597519,-0.5
5.54623,2.5,2.5,2.5,10.0,5.0,6.8146995,5.0,0.0,12.03773615258789,1.8849999904632568,6.633803452316284,4.71500015258789,9.4350004196167,4.71500015258789,7.726570990463257,5.69964285741211,1.8849999904632568,18.5,0.1729000061750412,32.029998779296875,0.29934999346733093,10.53499984741211,0.09849999845027924,0.10280373692512512,0.1214953288435936,0.2102803736925125,14.9332835,0.0714285746216774,0.0714285746216774,1.277280038804817,43.0,2.4241371167988777,0.13372093439102173,0.203488364815712,-22.799999237060547,-0.2130841165781021,-0.5
5.678945557220459,1.190000057220459,5.976663265265136,4.760000228881836,1.190000057220459,1.283917742220459,9.442341559265136,1.190000057220459,1.229137554720459,9.80773261444092,0.8600960111651147,10.028312923706055,3.880032232915918,3.015000104904175,2.5850000381469727,10.333511019073487,4.341940119779541,1.7250000238418581,19.0,0.1626163719479248,8.515000343322754,0.07275000214576721,3.234999895095825,0.027650000527501106,0.19073840056350708,0.14539613839480256,0.1385288060635071,24.587663,0.1071428582072258,0.130952388048172,0.9481087082072258,37.5,2.0128049005960467,0.15333333611488342,0.14000000059604645,-19.959999084472656,-0.16048363791007234,-0.5
12.052935633514403,6.519999980926514,4.350530444332569,7.610000133514403,7.610000133514403,2.1756138458662844,6.716586090463257,2.174999952316284,0.00050797715,15.867034499999999,5.835205196706973,6.835562961853027,6.665170453868027,6.664999961853027,2.5,8.014880538146972,1.6966030218530272,0.0,11.0,0.18117393302667845,1.8650000095367432,0.030549999326467514,0.7350000143051147,0.012000000104308128,0.06649357232758332,0.2051049066091333,0.1803278625011444,26.55078365,0.06521739065647125,0.19565217196941376,1.0279543719694137,7.5,1.9203214201436043,0.2333333343267441,0.13333334028720856,-20.350000381469727,-0.3336065709590912,-0.5
6.867998076293945,1.1349999904632568,4.660436631293945,5.679999828338622,4.545000076293945,3.802419585830689,6.352259776293945,4.545000076293945,0.1665888,8.152295538146973,0.8450000286102295,7.326360828338622,5.085000038146972,3.390000104904175,5.085000038146972,6.682729983514404,5.946589924338622,0.0,9.5,0.15845659781088775,1.7100000381469727,0.02850000001490116,0.6150000095367432,0.010250000283122063,0.3730776143267441,0.15834544389401184,0.19881680134651183,23.85675515,0.10227272659540178,0.14772726595401764,0.6056956968091964,8.0,1.0941283,0.1875,0.125,-13.449999809265137,-0.18400856850093078,0.5
9.076840659265137,0.0,7.269884665926513,2.380000114440918,7.144999980926514,2.806249014440918,7.192529728881835,4.760000228881836,1.370568007220459,9.683373328338623,0.6950344571724426,7.434510928338623,4.164999961853027,8.335000038146973,2.7799999713897705,6.765028728610229,3.4923823036102295,1.3899999856948853,13.5,0.18586391018721923,1.924999952316284,0.026399999856948853,0.7749999761581421,0.010649999603629112,0.3830354602444649,0.13703102583923557,0.22930465174617767,23.4994178,0.1190476194024086,0.1547619104385376,0.7406426104385376,15.5,1.3689092771095275,0.11290322244167328,0.22580644488334656,-20.600000381469727,-0.23826552568977355,0.0
7.016300464440918,2.565000057220459,0.13739158,0.0,5.130000114440918,5.592431694440918,2.7470653213897704,2.565000057220459,2.762299537220459,6.654384461853027,2.085232450071972,2.1736529118530274,1.6517705e-05,4.164999961853027,5.210000038146972,4.073528038146972,3.138711568,2.085000038146972,10.5,0.2160131479780365,0.10499999672174454,0.002199999988079071,0.05499999970197678,0.0010999999940395355,0.4358858808082581,0.12272136735825806,0.14923919482374193,21.00833415,0.12820512056350708,0.12820512056350708,0.468947385957737,5.0,0.8865495514901162,0.10000000149011612,0.05000000074505806,-18.25,-0.32554758330825806,0.0
8.415183076293946,1.1349999904632568,3.538390860830689,4.545000076293945,2.2750000953674316,3.8419407008306887,3.011585,2.2750000953674316,5.864322288338622,8.623576990463256,0.875177419975,4.956654764440918,3.510210549163257,1.7549999952316284,2.630000114440918,4.0790935,1.7820680772316284,6.139999866485597,11.0,0.1910454430416931,2.609999895095825,0.04500000178813934,1.0950000286102295,0.018899999558925632,0.4136340828601646,0.08641680516322357,0.13896223992231369,25.0918243,0.13636364042758942,0.1136363670229912,0.8383553170229912,7.0,1.6867105246216774,0.0,0.0357142873108387,-11.300000190734865,-0.15107100841242982,-0.5
9.292002809265137,2.380000114440918,2.489505074440918,2.380000114440918,7.144999980926514,5.122961728881836,6.169323933242799,5.949999809265137,1.345987337220459,10.125491152587891,2.8556455035734865,6.293344497412109,5.7162117235378895,7.144999980926514,2.8550000190734863,6.375184319073487,5.0241952165,1.4299999475479126,14.0,0.1992665929861023,1.950000047683716,0.02745000086724758,0.8899999856948853,0.012500000186264515,0.3463434411846542,0.15540158035429077,0.21922488441352844,23.672003750000002,0.1071428582072258,0.1428571492433548,0.816650444024086,14.5,1.4799520980932235,0.17241379618644714,0.17241379618644714,-24.649999618530273,-0.3110649333297729,-0.5
3.515291,8.694999694824219,2.273891927316284,13.045000076293945,10.869999885559082,0.31975788,2.7347445,2.174999952316284,0.1391362,6.447486447547913,9.03619673451211,6.932437421661377,12.051297899784865,6.625,0.6000000238418579,6.714183340463257,2.4348648768306886,0.0,16.0,0.19304119607967374,9.800000190734863,0.11665000021457672,3.7999999523162837,0.04520000144839287,0.2737891791036129,0.19145716682408603,0.2393411958662796,14.8087395,0.02083333395421505,0.1458333283662796,0.9289408432674408,30.0,1.5333812701436043,0.2083333283662796,0.18333333730697632,-26.0,-0.2784455323770752,-0.5
2.1312175,0.0,0.000169894615,4.760000228881836,0.0,11.905324326321193,1.6579485,16.665000915527347,0.000193217275,2.8137803,0.0,1.28103985,4.0004139492,0.0,7.335000038146973,2.24472735,11.350256727146972,1.3350000381469727,16.0,0.211455816403154,20.53499984741211,0.2702000141143799,9.085000038146973,0.119549997150898,0.21127161915801693,0.04605263099074364,0.1118426266660288,12.70358445,0.20454545319080356,0.04545454680919647,0.558412406381607,27.0,1.102003070137596,0.04629629477858544,0.09259258955717087,-17.950000762939453,-0.23618186304293984,-0.5
6.009094235830689,0.0,5.802553443338622,1.1349999904632568,7.954999923706055,2.6689065703674317,5.431405785830689,2.2750000953674316,2.4470685103674317,7.859873078338623,0.6356925172132568,5.991739828338623,1.900768104858142,5.695000171661378,3.1649999618530273,7.168713828338623,2.5488492173897703,3.7950000762939458,12.5,0.1579821976,19.700000762939453,0.2462500035762787,6.929999828338622,0.08659999817609787,0.40284886903953554,0.1255682361,0.18097893701976775,24.0780778,0.125,0.10227272659540178,0.6573386468091964,18.0,1.2227452455116272,0.1527777761220932,0.1111111119389534,-12.05500030517578,-0.11309852833446503,0.0
2.9793184,0.0,5.687481763338623,0.0,0.0,5.995657278338623,2.31784535,8.335000038146973,0.1891946,6.639617673706054,0.675152736470929,9.220839828338622,3.380075236185918,0.0,2.7049999237060542,5.164653095367432,8.80613901441211,0.0,8.5,0.11421837925716782,11.210000038146973,0.14949999749660492,3.755000114440918,0.050050001591444016,0.43310034028720856,0.14016600465604645,0.1506566392495346,11.88087965,0.1315789520740509,0.07894736528396606,0.6633324086790084,28.0,1.3769437171710968,0.1607142835855484,0.1071428582072258,-8.159999847412111,-0.0649081114424324,-0.5
2.6886883,0.0,7.256512150926514,4.760000228881836,7.144999980926514,5.140379903881836,6.851552228881836,4.760000228881836,2.541061194440918,4.019970498807908,0.0005954,5.860860885559082,2.361167220395825,6.130000114440918,3.775000095367431,6.132632452316283,6.624190878073486,4.244999885559082,19.5,0.1842667567358612,2.4749999046325684,0.023099999874830243,1.0599999427795408,0.00989999994635582,0.4110313053876877,0.07990578989997497,0.2033088150722122,13.1488715,0.15909090638160706,0.09090909361839294,0.6853413372367859,42.5,1.274599982255745,0.07647059112787247,0.15882353484630585,-16.549999237060543,-0.11530002090156555,-0.5
6.954178114440918,0.0,7.210216960926513,0.0,2.380000114440918,4.970931918881836,8.318750878881836,7.144999980926514,0.091842315,8.696414971389771,1.3257329806837161,9.829151173706055,1.3256549298337161,1.769999980926514,2.6549999713897705,10.129543442779541,4.457342815734863,4.864999771118164,19.0,0.16913225198434448,14.074999809265137,0.12345000356435774,5.119999885559082,0.04490000009536743,0.3121300466337204,0.1322627979740509,0.11261538698148726,14.65487765,0.13636364042758942,0.1136363670229912,0.9702238170229912,46.0,2.082474396717644,0.13586956262588498,0.08695652335882187,-12.199999809265137,-0.08650225389216613,0.5
10.334631809265137,9.524999618530273,2.476519384440918,10.71500015258789,2.380000114440918,3.8768875832427985,5.791099764440919,3.5699999332427983,0.134863585,12.395630519073485,11.32064909302422,6.410246595367431,12.265470183722755,1.8849999904632568,2.8299999237060542,7.450407423706054,2.861099639706054,0.0,10.0,0.1867271352697296,0.915000021457672,0.017000000923871994,0.2800000011920929,0.005200000014156103,0.27724432343507766,0.23211892086821745,0.20459874037403103,24.5036885,0.0595238097012043,0.2261904776096344,0.9997388328289032,6.0,1.9126863358168602,0.25,0.1666666716337204,-17.850000381469727,-0.3016534232046509,-0.5
5.671073547683716,2.325000047683716,4.739872985367431,5.815000057220459,3.490000009536743,3.7838784595367434,6.093351509536744,4.650000095367432,0.12723677,10.189661480926514,1.2804963236897704,5.216188423706054,4.485490017964405,4.485000133514404,3.2049999237060542,7.370723528610229,3.2286158017060544,0.6399999856948853,13.0,0.1655269575896179,5.375,0.06800000369548798,1.8450000286102295,0.023350000381469727,0.27717953341047286,0.1586557901464206,0.19332168273189546,24.1735451,0.09302325546741486,0.151162788271904,0.7893424507932663,18.0,1.4517984059694766,0.1666666716337204,0.1666666716337204,-16.899999618530277,-0.18513202683111574,-0.5
11.160648557220458,3.490000009536743,4.736028850367432,4.650000095367432,3.490000009536743,2.6071281726837157,7.649378009536743,3.490000009536743,2.4469722226837156,12.191239364440918,2.565384333670459,7.058307428610229,3.2055235287060544,5.130000114440918,2.565000057220459,8.19643455722046,3.242671120706054,1.924999952316284,13.0,0.1657274224396179,2.125,0.026900000870227817,0.8199999928474426,0.010400000028312206,0.28814549112573623,0.14589734084663208,0.1731027125166321,25.77125025,0.10465116053819658,0.1860465109348297,1.1289769781303405,18.0,2.3141128358168603,0.0972222238779068,0.1666666716337204,-16.450000762939453,-0.18060828204618834,0.0
12.432235652587892,1.1349999904632568,5.710231237338622,6.820000171661378,6.820000171661378,1.2342581404632569,3.735443990463257,5.679999828338622,0.042908405,14.414219,0.8349999785423279,7.8441398381469725,6.664999961853027,5.0,0.8349999785423279,6.855661038146973,4.188681001853027,1.6649999618530273,9.5,0.15585494731230165,2.065000057220459,0.03384999930858612,0.7699999809265136,0.012600000016391277,0.15801874625057222,0.21312106939301667,0.14083816965516663,24.670915,0.06818182021379471,0.20454545319080356,0.7851656563816071,8.5,1.541641329665184,0.2352941185235977,0.05882352963089942,-15.600000381469725,-0.24602535561769104,-0.5
8.745928095367432,0.0,9.15260274758789,4.545000076293945,2.2750000953674316,2.4840427953674316,5.035473,11.364999771118164,0.089576685,12.354700566757202,0.0,8.780277866485596,1.6300636738516283,5.434999942779541,2.174999952316284,8.446379495231628,5.480262774779541,1.6299999952316284,16.0,0.17284202548706054,7.070000171661378,0.07599999755620956,2.6500000953674316,0.028449999168515205,0.2390866256642914,0.11290322244167328,0.1714171648563385,16.6696745,0.1304347813129425,0.1304347813129425,1.3422106813129424,35.0,2.7865061380558966,0.1071428582072258,0.15714286267757416,-22.200000762939453,-0.2178544332854843,0.5
2.522202,0.0,2.62979345,5.0,0.0,5.41699515,1.9623443,7.5,7.682369935,6.795918914169311,0.0,5.971156223706055,3.464999914169311,1.4850000143051145,4.949999809265137,4.142424514305114,5.462909299661377,7.425000190734863,17.0,0.16672461377934447,7.175000190734863,0.07034999877214433,2.6449999809265137,0.025949999690055847,0.4639252926179886,0.10784313827753066,0.14675623327753065,12.5157005,0.1666666716337204,0.09523809701204301,0.567731747012043,40.5,1.231377993287468,0.1111111119389534,0.1111111119389534,-15.199999809265137,-0.10963721386203766,-0.5
4.7083195,0.0,2.5011059189,0.0,5.0,5.000818576,6.162929,7.5,5.00083480525,7.847252495231628,0.5457324437393004,8.809826519073486,2.7158665646193114,2.7149999141693115,2.174999952316284,10.394377942779542,4.3835064446325696,2.7149999141693115,16.0,0.17368768493706055,5.25,0.0564499981701374,2.075000047683716,0.022299999371171,0.14113157593769685,0.10809775783293304,0.12365591526031496,14.262830000000001,0.1428571492433548,0.04761904850602151,1.072324544024086,36.0,2.1032545955116273,0.125,0.1041666641831398,-18.049999237060547,-0.1940860152244568,0.5
5.416083452316284,0.0,10.987299010559083,4.349999904632569,2.174999952316284,2.553688317316284,11.216495494824219,6.519999980926514,2.3401286173162843,5.514885014305115,0.6154346777367432,7.502876978338623,2.4704391749602297,6.175000190734863,3.0850000381469727,7.120686773706055,4.343058873161377,1.8500000238418581,15.0,0.1842126439352646,9.53499984741211,0.11630000174045563,3.384999990463257,0.04129999876022339,0.3825325224197388,0.09795587777532654,0.19462711318519593,14.5901605,0.1666666716337204,0.1666666716337204,0.7112341141831398,29.0,1.4556684792019845,0.06896551698446274,0.18103447556495664,-13.149999618530275,-0.12409647473335267,-0.5
2.7169683,0.0,2.743097754440918,2.630000114440918,2.630000114440918,10.896830068530273,2.11341165,7.894999980926514,13.320644662412109,5.271178742779541,0.0,5.003030385559082,1.685089685059541,1.125,3.934999942779541,5.672720442779541,3.954618002779541,8.425000190734863,13.5,0.1513481917604645,10.795000076293945,0.11994999647140504,3.3450000286102295,0.03720000013709069,0.443192492531395,0.0833348221753602,0.13632336149011612,12.1722429,0.25,0.02500000037252903,0.6842035970197677,35.0,1.3046072761117935,0.10000000149011612,0.07857143133878708,-9.949999809265137,-0.07415462694616318,-0.5
2.4321997,0.0,0.115533,0.0,0.0,8.718110563146972,7.447002178338623,5.554999828338623,8.499761998146973,6.08564975,0.0,4.33691145,0.575313477629071,1.7250000238418581,3.4500000476837163,5.437511199999999,5.187511426293946,5.170000076293945,16.0,0.1830476280189682,11.09000015258789,0.12600000202655792,4.074999809265136,0.0463000014424324,0.42042145638160705,0.10227272659540178,0.14010550459540178,11.44441305,0.21052631735801694,0.07894736528396606,0.534750415283966,34.5,1.1594235314807892,0.10869564861059187,0.10869564861059187,-13.800000190734865,-0.1189706362763214,0.5
13.75269625258789,2.380000114440918,3.5707162149927982,2.380000114440918,11.904999732971193,1.190426191055459,5.932794433242798,1.190000057220459,0.00047769765,11.269416728881836,3.2255488616325687,5.85559260980835,3.225723760782569,8.064999580383299,2.4200000762939458,7.22943235980835,2.441909796293946,0.8050000071525574,9.0,0.14442049898598175,10.5,0.16670000553131106,3.6800000667572017,0.0584000013768673,0.0723253891216774,0.1749843319471756,0.1746031790971756,23.4285083,0.0595238097012043,0.19047619402408603,0.759632144024086,10.5,1.362190247012043,0.1428571492433548,0.1428571492433548,-16.350000381469723,-0.25952380895614624,0.0
4.6072830286102295,0.0,7.425922617220459,3.660000085830689,8.534999847412111,2.798594892220459,7.5150923644409175,3.660000085830689,2.596301957220459,5.277008007152557,0.0,8.486049809265136,4.03049891075835,10.484999656677244,2.4200000762939458,8.40830135258789,4.86428085908789,1.6150000095367432,11.0,0.1757493423998413,6.15500020980835,0.09769999980926514,2.5699999332427983,0.040800001472234726,0.3662173194024086,0.1111111119389534,0.23222083648754122,23.20768785,0.13414634764194489,0.10975609719753265,0.8176518836296082,11.0,1.5039073936183929,0.1136363670229912,0.22727273404598236,-14.300000190734865,-0.1928383483559799,0.0
6.847776414440919,3.190000057220459,4.372489959440918,6.385000228881836,6.385000228881836,3.574236807220459,2.016636,7.445000171661378,2.2964164144409183,9.771947904632567,3.175207424326284,6.318263278881836,6.350543079882567,5.554999828338623,2.380000114440918,4.317392038146973,5.573801610838623,2.380000114440918,12.0,0.1901359995,3.9149999618530273,0.06120000034570694,1.7749999761581419,0.02775000035762787,0.3655674,0.16429594395,0.20926638,25.5729923,0.09574468433856964,0.13829787075519562,0.6880897152812958,8.5,1.1988896092617989,0.2352941185235977,0.0882352963089943,-13.600000381469725,-0.17505450596046448,-0.5
4.675692307220459,1.2200000286102295,4.880078093830918,3.660000085830689,6.0999999046325675,3.660118052170689,5.399403435830688,6.0999999046325675,1.2200808528152296,4.7723158524520874,2.7250067331760683,7.708912771118164,7.2750000953674325,4.545000076293945,3.634999990463257,5.989853990463256,6.380923552618164,0.9100000262260438,10.0,0.17859423121910645,3.119999885559082,0.0556499995291233,1.1699999570846558,0.02085000090301037,0.1072603245472258,0.13393694635759681,0.1964285671710968,22.2868372,0.10975609719753265,0.10975609719753265,0.6261857191728593,7.5,1.032782151490116,0.20000000298023224,0.1666666716337204,-13.600000381469725,-0.2428571432828903,0.0
